{
  "session_info": {
    "timestamp": "2025-10-20T19:28:12.836617+00:00",
    "stations_requested": [
      "CYVR"
    ],
    "source": "Nav Canada Weather Recall",
    "extraction_method": "optimized_structure"
  },
  "weather_data": {
    "METAR": {
      "CYVR": [
        {
          "bulletin": "METAR CYVR 201900Z 15006KT 25SM FEW018 BKN080 OVC160 12/09 A3034 RMK SC1AC6AC1 SLP275=",
          "row_index": 1,
          "extraction_time": "2025-10-20T19:28:12.431486+00:00"
        }
      ]
    },
    "TAF": {
      "CYVR": [
        {
          "bulletin": "TAF CYVR 201747Z\n2018/2124 12008KT P6SM SCT020 OVC080\n  TEMPO 2018/2022 P6SM −SHRA BKN020 OVC080\nFM202200 12008KT P6SM SCT030 BKN080\nFM210500 10008KT P6SM BKN060\n  TEMPO 2105/2110 P6SM −SHRA\nFM211100 10008KT P6SM BKN015 OVC040\n  TEMPO 2111/2118 P6SM −SHRA\nFM211800 09007KT P6SM SCT015 BKN030\nFM212100 VRB03KT P6SM FEW030\nRMK NXT FCST BY 202100Z=",
          "row_index": 2,
          "extraction_time": "2025-10-20T19:28:12.443520+00:00"
        }
      ]
    },
    "Upper_Wind": [
      {
        "bulletin": "VALID 211200Z FOR USE 06-18\n           3000     |     6000     |     9000     |    12000     |    18000     |    24000     |    30000     |    34000     |    39000     |    45000     |    53000     \nYVR      230 13     |  260 16 +1   |  270 27 -1   |  280 39 -4   |  280 53 -16  |  290 66 -31  |  270 82 -44  |  270 93 -52  |  260 84 -57  |  270 71 -58  |  270 50 -60  \n\nVALID 210000Z FOR USE 21-06\n           3000     |     6000     |     9000     |    12000     |    18000     |    24000     |    30000     |    34000     |    39000     |    45000     |    53000     \nYVR      190 15     |   230 18 0   |  250 28 -3   |  270 47 -6   |  270 58 -19  |  270 85 -30  | 260 116 -40  | 260 122 -49  | 270 112 -57  |  270 70 -59  |  280 43 -62  \n\nVALID 201800Z FOR USE 14-21\n           3000     |     6000     |     9000     |    12000     |    18000     |    24000     |    30000     |    34000     |    39000     |    45000     |    53000     \nYVR      230 8      |  260 16 -1   |  270 25 -3   |  280 38 -5   |  270 51 -17  |  280 68 -28  | 280 100 -42  | 280 111 -50  | 290 115 -59  |  280 69 -61  |  280 51 -61",
        "row_index": 3,
        "extraction_time": "2025-10-20T19:28:12.455407+00:00"
      }
    ],
    "NOTAM": {
      "CYVR": [
        {
          "bulletin": "(C4694/25 NOTAMN\nA) CYVR B) 2510211930 C) 2510212200\nE) VANCOUVER DME IVR 109.5MHZ/CH32X U/S)",
          "row_index": 4,
          "extraction_time": "2025-10-20T19:28:12.466529+00:00"
        },
        {
          "bulletin": "(C4693/25 NOTAMN\nA) CYVR B) 2510211600 C) 2510211830\nE) VANCOUVER DME IRD 111.95MHZ/CH56Y U/S)",
          "row_index": 5,
          "extraction_time": "2025-10-20T19:28:12.477867+00:00"
        },
        {
          "bulletin": "(S5173/25 NOTAMR S5148/25\nA) CYVR B) 2510201716 C) 2510210116\nE) RSC 08L 6/6/6 DRY, DRY, DRY. VALID OCT 20 1643 - OCT 21 0043.\n\nRSC 26R 6/6/6 DRY, DRY, DRY. VALID OCT 20 1643 - OCT 21 0043.\n\nRSC 08R 6/6/6 DRY, DRY, DRY. VALID OCT 20 1715 - OCT 21 0115.\n\nRSC 26L 6/6/6 DRY, DRY, DRY. VALID OCT 20 1715 - OCT 21 0115.\n\nADDN NON-GRF/TALPA INFO:)",
          "row_index": 6,
          "extraction_time": "2025-10-20T19:28:12.489040+00:00"
        },
        {
          "bulletin": "(C4689/25 NOTAMN\nA) CYVR B) 2510201500 C) 2510202300\nE) WEST PADS 7-9 CLSD)",
          "row_index": 7,
          "extraction_time": "2025-10-20T19:28:12.500585+00:00"
        },
        {
          "bulletin": "(C4685/25 NOTAMR C4684/25\nA) CYVR B) 2510200500 C) 2510251400\nD) DAILY 0500-1400\nE) RWY 08L/26R CLSD.)",
          "row_index": 8,
          "extraction_time": "2025-10-20T19:28:12.512124+00:00"
        },
        {
          "bulletin": "(C4683/25 NOTAMN\nA) CYVR B) 2510201700 C) 2510202359\nE) ILS RWY 08R AND RWY 26L U/S)",
          "row_index": 9,
          "extraction_time": "2025-10-20T19:28:12.524056+00:00"
        },
        {
          "bulletin": "(C4682/25 NOTAMR C4678/25\nA) CYVR B) 2510191142 C) 2512071400\nE) RWY 13/31 CLSD AVBL AS TWY \nTHR 31 HELI TKOF/LDG AUTH.)",
          "row_index": 10,
          "extraction_time": "2025-10-20T19:28:12.536695+00:00"
        },
        {
          "bulletin": "(C4607/25 NOTAMR C4150/25\nA) CYVR B) 2510161414 C) 2511081600\nE) RNAV (GNSS) RWY 26R APCH: \nLNAV/VNAV MINIMA TO READ: 687 (678) 1 3/4)",
          "row_index": 11,
          "extraction_time": "2025-10-20T19:28:12.547958+00:00"
        },
        {
          "bulletin": "(C4603/25 NOTAMN\nA) CYVR B) 2510161400 C) 2512161500\nE) TKOF RWY 08L NOT AUTH FM TWY M10 WHEN RVR BLW 1200FT)",
          "row_index": 12,
          "extraction_time": "2025-10-20T19:28:12.559423+00:00"
        },
        {
          "bulletin": "(C4595/25 NOTAMN\nA) CYVR B) 2510161400 C) 2511270901\nE) ILS Z RWY 08L APCH: \nMISSED APCH INSTR TO READ: REQUIRES A MINIMUM CLIMB GRADIENT OF \n270 FT/NM TO 1200. DO NOT EXCEED 230KT UNTIL SESPI. CLIMBING \nLEFT TURN TO 3000 DIRECT TO SESPI. AS REQUIRED SHUTTLE CLIMB. \n. \nLOC/DME AND LOC/RADAR MINIMA TO READ: 520 (507) 1 RVR 50 \nDIST/ALT TABLE: LAST ALT TO READ 1.6/520 INSTEAD OF 0.9/300 \n. \nOPS NOTE: ADD: IF UNABLE TO MEET CLIMB \nGRADIENT DO NOT DESCEND BELOW LOC/DME AND LOC/RADAR MINIMA \n. \nMISSED APCH CLIMB RATE TABLE VV(FPM) \nGS 90 120 140 160 180 200 250 300 \nFPM 410 540 630 720 810 900 1130 1350 \n. \nRNAV (GNSS) Z RWY 08L APCH: \nMISSED APCH INSTR TO READ: REQUIRES A MINIMUM CLIMB \nGRADIENT OF 270 FT/NM TO 1200. DO NOT EXCEED 230KT UNTIL SESPI. \nCLIMBING LEFT TURN TO 3000 DIRECT TO SESPI. AS REQUIRED SHUTTLE \nCLIMB. \n. \nLNAV MINIMA TO READ: 620 (607) 1 1/4 \nDIST/ALT TABLE: LAST ALT TO READ 1.7/620 INSTEAD OF 1.0/380 \n. \nOPS NOTE: ADD: IF UNABLE TO MEET CLIMB GRADIENT DO NOT DESCEND \nBELOW LNAV MINIMA. \n. \nMISSED APCH CLIMB RATE TABLE VV(FPM) \nGS 90 120 140 160 180 200 250 300 \nFPM 410 540 630 720 810 900 1130 1350 \n. \nRNAV (RNP) Y RWY 08L APCH: \nRNP 0.15 MINIMA TO READ: 455 (442) 1 RVR 50 \nRNP 0.30 MINIMA TO READ: 457 (444) 1 RVR 50)",
          "row_index": 13,
          "extraction_time": "2025-10-20T19:28:12.571856+00:00"
        },
        {
          "bulletin": "(C4413/25 NOTAMR C4412/25\nA) CYVR B) 2510051002 C) 2511281400\nE) TWY A BTN TWY AR AND TWY A5 CLSD.)",
          "row_index": 14,
          "extraction_time": "2025-10-20T19:28:12.583903+00:00"
        },
        {
          "bulletin": "(C4233/25 NOTAMR C4232/25\nA) CYVR B) 2509251955 C) 2511072305\nE) ACFT WITH WINGSPAN GREATER THAN 36M/118FT CANNOT SAFELY PASS\nBEHIND ACFT HOLDING ON TWY D EAST OF TWY D7.)",
          "row_index": 15,
          "extraction_time": "2025-10-20T19:28:12.595638+00:00"
        },
        {
          "bulletin": "(F4663/25 NOTAMR F3212/25\nA) CYVR B) 2509251612 C) 2512192359EST\nE) VANCOUVER TWR FREQ 125.65MHZ U/S. USE 124.025MHZ)",
          "row_index": 16,
          "extraction_time": "2025-10-20T19:28:12.607710+00:00"
        },
        {
          "bulletin": "(C4166/25 NOTAMR C3462/25\nA) CYVR B) 2509221320 C) 2512231300EST\nE) RWY 13/31: \nALL INSTR APCH PROC, DEP PROC AND DEP RTE: NOT AUTH)",
          "row_index": 17,
          "extraction_time": "2025-10-20T19:28:12.620376+00:00"
        },
        {
          "bulletin": "(C3856/25 NOTAMN\nA) CYVR B) 2509081300 C) 2512060000\nD) SEP 08-NOV 01 1300-2300 ,  NOV 02-DEC 05 1400-0000 \nE) MOBILE CRANES WITHIN 483FT RADIUS CENTRED ON 491107N 1230838W \nAPRX 3850FT BFR DTHR 26L AND 890FT NORTH EXTENDED RCL. 92FT AGL \n103FT AMSL. LGTD, NOT PAINTED.)",
          "row_index": 18,
          "extraction_time": "2025-10-20T19:28:12.631927+00:00"
        },
        {
          "bulletin": "(C3847/25 NOTAMN\nA) CYVR B) 2509061300 C) 2512051300EST\nE) MULTIPLE CRANES WITHIN 470FT RADIUS CENTRED ON 491105N 1230840W \nAPRX 3760FT BFR DTHR 26L AND 670FT NORTH EXTENDED RCL. 91FT AGL \n93FT AMSL. LGTD, PAINTED.)",
          "row_index": 19,
          "extraction_time": "2025-10-20T19:28:12.643611+00:00"
        },
        {
          "bulletin": "(C3609/25 NOTAMN\nA) CYVR B) 2508261331 C) 2510312359EST\nE) MULTIPLE CRANES WITHIN 251FT RADIUS CENTRED ON 491347N 1230824W \nAPRX 2900FT BFR THR 26R AND 1.9NM NORTH EXTENDED RCL. 321FT AGL \n600FT AMSL. NOT LGTD, NOT PAINTED.)",
          "row_index": 20,
          "extraction_time": "2025-10-20T19:28:12.655780+00:00"
        },
        {
          "bulletin": "(C3359/25 NOTAMN\nA) CYVR B) 2508121755 C) PERM\nE) AMEND PUBLICATIONS: MULTIPLE BUILDINGS WITHIN 670FT RADIUS \nCENTRED ON 491356N 1230706W APRX 1.3NM BFR THR 26R AND 2.2NM \nNORTH EXTENDED RCL. 450FT AGL 752FT AMSL. NOT LGTD, PAINTED.)",
          "row_index": 21,
          "extraction_time": "2025-10-20T19:28:12.667814+00:00"
        },
        {
          "bulletin": "(C3202/25 NOTAMR C1707/25\nA) CYVR B) 2508051924 C) 2511032000EST\nE) DUE TO REDUCED SYSTEM CAPACITY\nALL VFR ACFT DESTINED FOR CYVR EXCLUDING CAM9 AND HELI TFC, \nARE REQUIRED TO CTC YVR ACC (1-800-668-1333)\nBTN 30-90MIN PRIOR TO DEP FOR AN APPROVED ARR TIME)",
          "row_index": 22,
          "extraction_time": "2025-10-20T19:28:12.679669+00:00"
        },
        {
          "bulletin": "(F3362/25 NOTAMR F1277/25\nA) CYVR B) 2507251539 C) 2510242359\nE) VANCOUVER CENTRE DEP FREQ 363.8MHZ U/S)",
          "row_index": 23,
          "extraction_time": "2025-10-20T19:28:12.691196+00:00"
        },
        {
          "bulletin": "(C3006/25 NOTAMR C1553/25\nA) CYVR B) 2507251418 C) 2510242359EST\nE) VANCOUVER DME IMK 111.1MHZ/CH48X U/S)",
          "row_index": 24,
          "extraction_time": "2025-10-20T19:28:12.705269+00:00"
        },
        {
          "bulletin": "(C3005/25 NOTAMR C1552/25\nA) CYVR B) 2507251417 C) 2510242359EST\nE) ILS RWY 13 U/S)",
          "row_index": 25,
          "extraction_time": "2025-10-20T19:28:12.717030+00:00"
        },
        {
          "bulletin": "(C2053/25 NOTAMN\nA) CYVR B) 2506031415 C) PERM\nE) AMEND PUBLICATIONS: MULTIPLE BUILDINGS WITHIN 210FT RADIUS \nCENTRED ON 491231N 1230711W APRX 1.5NM BFR THR 26R AND 4560FT \nNORTH EXTENDED RCL. 352FT AGL 394FT AMSL. NOT LGTD, NOT PAINTED.)",
          "row_index": 26,
          "extraction_time": "2025-10-20T19:28:12.729023+00:00"
        },
        {
          "bulletin": "(F5116/25 NOTAMN\nA) CZVR B) 2510211300 C) 2510211430\nE) MULTILATERATION (MLAT) RADAR U/S. \nFLT WITHIN THE FLW CTL ZONES MAY BE DENIED ROUTING AND/OR\nALT REQUESTS AND SOME RADAR SVC MAY NOT BE AVBL: \nVANCOUVER HARBOUR, ABBOTSFORD, BOUNDARY BAY, PITT MEADOWS \nAND LANGLEY REGIONAL CTL ZONES.)",
          "row_index": 27,
          "extraction_time": "2025-10-20T19:28:12.740683+00:00"
        },
        {
          "bulletin": "(F5091/25 NOTAMR F5088/25\nA) CZVR B) 2510172339 C) 2510280100\nE) COMOX TAR U/S. FLT WITHIN RADIUS 80NM CENTRE \n494301N 1245347W, SFC TO 10000FT AMSL, MAY BE DENIED ROUTING\nAND/OR ALT REQUESTS. FLT FLW SVC NOT AVBL. TFC INFO MAY NOT BE\nAVBL. CYPW CYBL CAT4 CYQQ IFR TRAINING FLT NOT AUTH)",
          "row_index": 29,
          "extraction_time": "2025-10-20T19:28:12.765668+00:00"
        },
        {
          "bulletin": "(F5090/25 NOTAMR F5006/25\nA) CZVR B) 2510172325 C) 2510242359EST\nE) VANCOUVER (SEA ISLAND) PSR U/S. \nFLT WITHIN RADIUS 80NM CENTRE 491152N 1231218W \nWILL NOT BE PROVIDED NON-TRANSPONDER EQUIPPED ACFT TFC INFO)",
          "row_index": 30,
          "extraction_time": "2025-10-20T19:28:12.777631+00:00"
        },
        {
          "bulletin": "(F4966/25 NOTAMR F4653/25\nA) CZVR CZEG B) 2510102025 C) 2510242359EST\nE) VANCOUVER CENTRE PERIPHERAL STATION (PAL) 381.9MHZ AT\nENDERBY U/S.)",
          "row_index": 32,
          "extraction_time": "2025-10-20T19:28:12.801958+00:00"
        },
        {
          "bulletin": "(F4036/25 NOTAMR F1996/25\nA) CZVR CZEG B) 2508261734 C) 2511261600EST\nE) ALL ACFT, REGARDLESS OF THE STATE OF REGISTRY, DIRECTLY OR \nINDIRECTLY OWNED, CHARTERED, LEASED, OPERATED OR OTHERWISE \nCONTROLLED BY A PERSON CONNECTED WITH EITHER THE RUSSIAN \nFEDERATION OR OF BELARUS OR BY A CORPORATION OR ENTITY THAT IS \nINCORPORATED OR FORMED UNDER THE LAWS OF THE RUSSIAN FEDERATION \nOR BELARUS, AND ALL OPERATORS HOLDING AN AIR OPERATOR CERTIFICATE \n(AOC) ISSUED BY RUSSIAN FEDERATION AND/OR BELARUSIAN AUTHORITIES \nARE PROHIBITED TO ENTER, EXIT OR OVERFLY CANADA'S TERRITORIAL \nAIRSPACE (INCLUDING FLT WITHIN 12NM OF CANADA'S COASTS). \nEXCEPTIONS PERMITTED FOR ACFT EXPERIENCING INFLIGHT EMERG. \n\nALL AUTH OBTAINED PRIOR TO 27 FEB 2022 FOR ACFT AND OPS SUBJECT \nTO THIS NOTAM ARE REVOKED.\n\nHUMANITARIAN, SAR, MEDEVAC AND ANY OTHER FLT SEEKING AN EXCEPTION \nTO THIS RESTRICTION MUST RECEIVE AUTH GRANTED AFTER 27 FEB 2022 \nFM THE MINISTER OF TRANSPORT TO OPERATE IN CANADA'S TERRITORIAL \nAIRSPACE.  AFFECTED ACFT WISHING TO OBTAIN SUCH AN AUTH OR CLR \nINTO CANADA'S TERRITORIAL AIRSPACE MAY APPLY TO THE MINISTER OF \nTRANSPORT AT 1-877-992-6853 OR 1-613-992-6853 OR BY EMAIL AT \nOPERATIONS.AVIATION(AT)TC.GC.CA.)",
          "row_index": 33,
          "extraction_time": "2025-10-20T19:28:12.814442+00:00"
        },
        {
          "bulletin": "(F3357/25 NOTAMR F1275/25\nA) CZEG CZVR B) 2507251455 C) 2510251400EST\nE) AIRSPACE SECURITY WARNING ISSUED BY THE DEPARTMENT OF TRANSPORT \nIN RESPONSE TO THE SECURITY SITUATION IN THE DEMOCRATIC REPUBLIC \nOF CONGO. CANADIAN AIR OPERATORS AND OWNERS OF AIRCRAFT \nREGISTERED IN CANADA ARE RECOMMENDED TO MAINTAIN A FLIGHT LEVEL \nAT OR ABOVE FL260 WITHIN THE AREA BOUNDED BY 010000N 0302800E - \n010000N 0253000E - 050000S 0253000E - 050000S 0292200E - \n010000N 0302800E IN FIR KINSHASA (FZZA) DUE TO RISK FROM \nANTI-AIRCRAFT WEAPONRY.)",
          "row_index": 34,
          "extraction_time": "2025-10-20T19:28:12.825626+00:00"
        }
      ],
      "CYYJ": [
        {
          "bulletin": "(F5108/25 NOTAMN\nA) CYYJ B) 2510201400 C) 2510201930\nE) DUE TO REDUCED SYSTEM CAPACITY: \nLIMITATIONS IN EFFECT WITHIN VICTORIA (CYYJ) TERMINAL CTA \nCLASS C AIRSPACE: \nVFR ACFT PLANNING TO OPR ABV 2500FT AMSL EXP\nALTERNATE RTE AND/OR ALT)",
          "row_index": 28,
          "extraction_time": "2025-10-20T19:28:12.753244+00:00"
        }
      ],
      "CYCD": [
        {
          "bulletin": "(L5969/25 NOTAMR L5941/25\nA) CYCD B) 2510162109 C) 2510232359EST\nE) VICTORIA TERMINAL FREQ 252.3MHZ U/S)",
          "row_index": 31,
          "extraction_time": "2025-10-20T19:28:12.789850+00:00"
        }
      ],
      "Other": [
        {
          "bulletin": "(I5191/25 NOTAMR I5121/25\nA) CXXX B) 2510081531 C) 2511010000EST\nE) CBK4 VANCOUVER (GEN HOSPITAL) (HELI)\nHELIPORT CLSD)",
          "row_index": 35,
          "extraction_time": "2025-10-20T19:28:12.836564+00:00"
        }
      ]
    }
  },
  "extraction_summary": {
    "total_entries": 35,
    "metar_records": 1,
    "taf_records": 1,
    "notam_records": 32,
    "upper_wind_records": 1,
    "stations_found": [
      "CYCD",
      "CYVR",
      "CYYJ"
    ],
    "extraction_time": "2025-10-20T19:28:12.836626+00:00"
  }
}