{
  "export_time": "2025-10-20T19:28:12.923516+00:00",
  "metars": {
    "CYVR": [
      {
        "station_id": "CYVR",
        "station_name": "Station CYVR",
        "latitude": 0.0,
        "longitude": 0.0,
        "elevation_meters": 0,
        "observation_time": "2025-10-20T19:00:00",
        "receipt_time": "2025-10-20T19:28:12.431486+00:00",
        "observation_timestamp": 1760979600,
        "temperature_celsius": 12.0,
        "dewpoint_celsius": 9.0,
        "wind_direction_degrees": 150,
        "wind_speed_knots": 6,
        "wind_variable": false,
        "visibility": "25",
        "altimeter_hpa": 1027.430726,
        "sky_coverage": "OVC",
        "cloud_layers": [
          {
            "coverage": "FEW",
            "altitude_feet": 1800,
            "cloud_type": null
          },
          {
            "coverage": "BKN",
            "altitude_feet": 8000,
            "cloud_type": null
          },
          {
            "coverage": "OVC",
            "altitude_feet": 16000,
            "cloud_type": null
          }
        ],
        "flight_category": "VFR",
        "present_weather": [],
        "report_type": "METAR",
        "raw_observation": "METAR CYVR 201900Z 15006KT 25SM FEW018 BKN080 OVC160 12/09 A3034 RMK SC1AC6AC1 SLP275="
      }
    ]
  },
  "tafs": {
    "CYVR": [
      {
        "station_id": "CYVR",
        "station_name": "Station CYVR",
        "latitude": 0.0,
        "longitude": 0.0,
        "elevation_meters": 0,
        "bulletin_time": "2025-10-20T17:47:00",
        "issue_time": "2025-10-20T17:47:00",
        "database_time": "2025-10-20T19:28:12.443520+00:00",
        "valid_from": "2025-10-20T21:28:12.922896",
        "valid_to": "2025-10-20T21:28:12.922896",
        "valid_from_timestamp": 0,
        "valid_to_timestamp": 0,
        "is_most_recent": true,
        "is_prior_version": false,
        "raw_taf": "TAF CYVR 201747Z\n2018/2124 12008KT P6SM SCT020 OVC080\n  TEMPO 2018/2022 P6SM −SHRA BKN020 OVC080\nFM202200 12008KT P6SM SCT030 BKN080\nFM210500 10008KT P6SM BKN060\n  TEMPO 2105/2110 P6SM −SHRA\nFM211100 10008KT P6SM BKN015 OVC040\n  TEMPO 2111/2118 P6SM −SHRA\nFM211800 09007KT P6SM SCT015 BKN030\nFM212100 VRB03KT P6SM FEW030\nRMK NXT FCST BY 202100Z=",
        "remarks": "",
        "forecast_periods": [
          {
            "valid_from": "2025-10-20T21:28:12.922896",
            "valid_to": "2025-10-20T21:28:12.922896",
            "valid_from_timestamp": 1760988492,
            "valid_to_timestamp": 1760988492,
            "wind_direction_degrees": 120,
            "wind_speed_knots": 8,
            "visibility": "6+",
            "cloud_layers": [
              {
                "coverage": "SCT",
                "base_altitude_feet": 2000,
                "cloud_type": null
              },
              {
                "coverage": "OVC",
                "base_altitude_feet": 8000,
                "cloud_type": null
              }
            ],
            "icing_turbulence": [],
            "temperature_forecasts": []
          },
          {
            "valid_from": "2025-10-20T18:00:00",
            "valid_to": "2025-10-20T22:00:00",
            "valid_from_timestamp": 1760976000,
            "valid_to_timestamp": 1760990400,
            "forecast_change_type": "TEMPO",
            "visibility": "6+",
            "weather_phenomena": "RA",
            "cloud_layers": [
              {
                "coverage": "BKN",
                "base_altitude_feet": 2000,
                "cloud_type": null
              },
              {
                "coverage": "OVC",
                "base_altitude_feet": 8000,
                "cloud_type": null
              }
            ],
            "icing_turbulence": [],
            "temperature_forecasts": []
          },
          {
            "valid_from": "2025-10-20T22:00:00",
            "valid_to": "2025-10-20T21:28:12.922896",
            "valid_from_timestamp": 1760990400,
            "valid_to_timestamp": 1760988492,
            "forecast_change_type": "FM",
            "wind_direction_degrees": 120,
            "wind_speed_knots": 8,
            "visibility": "6+",
            "cloud_layers": [
              {
                "coverage": "SCT",
                "base_altitude_feet": 3000,
                "cloud_type": null
              },
              {
                "coverage": "BKN",
                "base_altitude_feet": 8000,
                "cloud_type": null
              }
            ],
            "icing_turbulence": [],
            "temperature_forecasts": []
          },
          {
            "valid_from": "2025-10-21T05:00:00",
            "valid_to": "2025-10-20T21:28:12.922896",
            "valid_from_timestamp": 1761015600,
            "valid_to_timestamp": 1760988492,
            "forecast_change_type": "FM",
            "wind_direction_degrees": 100,
            "wind_speed_knots": 8,
            "visibility": "6+",
            "cloud_layers": [
              {
                "coverage": "BKN",
                "base_altitude_feet": 6000,
                "cloud_type": null
              }
            ],
            "icing_turbulence": [],
            "temperature_forecasts": []
          },
          {
            "valid_from": "2025-10-21T05:00:00",
            "valid_to": "2025-10-21T10:00:00",
            "valid_from_timestamp": 1761015600,
            "valid_to_timestamp": 1761033600,
            "forecast_change_type": "TEMPO",
            "visibility": "6+",
            "weather_phenomena": "RA",
            "cloud_layers": [],
            "icing_turbulence": [],
            "temperature_forecasts": []
          },
          {
            "valid_from": "2025-10-21T11:00:00",
            "valid_to": "2025-10-20T21:28:12.922896",
            "valid_from_timestamp": 1761037200,
            "valid_to_timestamp": 1760988492,
            "forecast_change_type": "FM",
            "wind_direction_degrees": 100,
            "wind_speed_knots": 8,
            "visibility": "6+",
            "cloud_layers": [
              {
                "coverage": "BKN",
                "base_altitude_feet": 1500,
                "cloud_type": null
              },
              {
                "coverage": "OVC",
                "base_altitude_feet": 4000,
                "cloud_type": null
              }
            ],
            "icing_turbulence": [],
            "temperature_forecasts": []
          },
          {
            "valid_from": "2025-10-21T11:00:00",
            "valid_to": "2025-10-21T18:00:00",
            "valid_from_timestamp": 1761037200,
            "valid_to_timestamp": 1761062400,
            "forecast_change_type": "TEMPO",
            "visibility": "6+",
            "weather_phenomena": "RA",
            "cloud_layers": [],
            "icing_turbulence": [],
            "temperature_forecasts": []
          },
          {
            "valid_from": "2025-10-21T18:00:00",
            "valid_to": "2025-10-20T21:28:12.922896",
            "valid_from_timestamp": 1761062400,
            "valid_to_timestamp": 1760988492,
            "forecast_change_type": "FM",
            "wind_direction_degrees": 90,
            "wind_speed_knots": 7,
            "visibility": "6+",
            "cloud_layers": [
              {
                "coverage": "SCT",
                "base_altitude_feet": 1500,
                "cloud_type": null
              },
              {
                "coverage": "BKN",
                "base_altitude_feet": 3000,
                "cloud_type": null
              }
            ],
            "icing_turbulence": [],
            "temperature_forecasts": []
          },
          {
            "valid_from": "2025-10-21T21:00:00",
            "valid_to": "2025-10-20T21:28:12.922896",
            "valid_from_timestamp": 1761073200,
            "valid_to_timestamp": 1760988492,
            "forecast_change_type": "FM",
            "wind_direction_degrees": "VRB",
            "wind_speed_knots": 3,
            "visibility": "6+",
            "cloud_layers": [
              {
                "coverage": "FEW",
                "base_altitude_feet": 3000,
                "cloud_type": null
              }
            ],
            "icing_turbulence": [],
            "temperature_forecasts": []
          }
        ]
      }
    ]
  },
  "upper_winds": [
    {
      "periods": [
        {
          "valid_time": "211200Z",
          "use_period": "06-18",
          "stations": {
            "YVR": [
              {
                "altitude_ft": 3000,
                "direction_deg": 230,
                "speed_kt": 13,
                "temperature_c": null
              },
              {
                "altitude_ft": 6000,
                "direction_deg": 260,
                "speed_kt": 16,
                "temperature_c": 1
              },
              {
                "altitude_ft": 9000,
                "direction_deg": 270,
                "speed_kt": 27,
                "temperature_c": -1
              },
              {
                "altitude_ft": 12000,
                "direction_deg": 280,
                "speed_kt": 39,
                "temperature_c": -4
              },
              {
                "altitude_ft": 18000,
                "direction_deg": 280,
                "speed_kt": 53,
                "temperature_c": -16
              },
              {
                "altitude_ft": 24000,
                "direction_deg": 290,
                "speed_kt": 66,
                "temperature_c": -31
              },
              {
                "altitude_ft": 30000,
                "direction_deg": 270,
                "speed_kt": 82,
                "temperature_c": -44
              },
              {
                "altitude_ft": 34000,
                "direction_deg": 270,
                "speed_kt": 93,
                "temperature_c": -52
              },
              {
                "altitude_ft": 39000,
                "direction_deg": 260,
                "speed_kt": 84,
                "temperature_c": -57
              },
              {
                "altitude_ft": 45000,
                "direction_deg": 270,
                "speed_kt": 71,
                "temperature_c": -58
              },
              {
                "altitude_ft": 53000,
                "direction_deg": 270,
                "speed_kt": 50,
                "temperature_c": -60
              }
            ]
          }
        },
        {
          "valid_time": "210000Z",
          "use_period": "21-06",
          "stations": {
            "YVR": [
              {
                "altitude_ft": 3000,
                "direction_deg": 190,
                "speed_kt": 15,
                "temperature_c": null
              },
              {
                "altitude_ft": 6000,
                "direction_deg": 230,
                "speed_kt": 18,
                "temperature_c": 0
              },
              {
                "altitude_ft": 9000,
                "direction_deg": 250,
                "speed_kt": 28,
                "temperature_c": -3
              },
              {
                "altitude_ft": 12000,
                "direction_deg": 270,
                "speed_kt": 47,
                "temperature_c": -6
              },
              {
                "altitude_ft": 18000,
                "direction_deg": 270,
                "speed_kt": 58,
                "temperature_c": -19
              },
              {
                "altitude_ft": 24000,
                "direction_deg": 270,
                "speed_kt": 85,
                "temperature_c": -30
              },
              {
                "altitude_ft": 30000,
                "direction_deg": 260,
                "speed_kt": 116,
                "temperature_c": -40
              },
              {
                "altitude_ft": 34000,
                "direction_deg": 260,
                "speed_kt": 122,
                "temperature_c": -49
              },
              {
                "altitude_ft": 39000,
                "direction_deg": 270,
                "speed_kt": 112,
                "temperature_c": -57
              },
              {
                "altitude_ft": 45000,
                "direction_deg": 270,
                "speed_kt": 70,
                "temperature_c": -59
              },
              {
                "altitude_ft": 53000,
                "direction_deg": 280,
                "speed_kt": 43,
                "temperature_c": -62
              }
            ]
          }
        },
        {
          "valid_time": "201800Z",
          "use_period": "14-21",
          "stations": {
            "YVR": [
              {
                "altitude_ft": 3000,
                "direction_deg": 230,
                "speed_kt": 8,
                "temperature_c": null
              },
              {
                "altitude_ft": 6000,
                "direction_deg": 260,
                "speed_kt": 16,
                "temperature_c": -1
              },
              {
                "altitude_ft": 9000,
                "direction_deg": 270,
                "speed_kt": 25,
                "temperature_c": -3
              },
              {
                "altitude_ft": 12000,
                "direction_deg": 280,
                "speed_kt": 38,
                "temperature_c": -5
              },
              {
                "altitude_ft": 18000,
                "direction_deg": 270,
                "speed_kt": 51,
                "temperature_c": -17
              },
              {
                "altitude_ft": 24000,
                "direction_deg": 280,
                "speed_kt": 68,
                "temperature_c": -28
              },
              {
                "altitude_ft": 30000,
                "direction_deg": 280,
                "speed_kt": 100,
                "temperature_c": -42
              },
              {
                "altitude_ft": 34000,
                "direction_deg": 280,
                "speed_kt": 111,
                "temperature_c": -50
              },
              {
                "altitude_ft": 39000,
                "direction_deg": 290,
                "speed_kt": 115,
                "temperature_c": -59
              },
              {
                "altitude_ft": 45000,
                "direction_deg": 280,
                "speed_kt": 69,
                "temperature_c": -61
              },
              {
                "altitude_ft": 53000,
                "direction_deg": 280,
                "speed_kt": 51,
                "temperature_c": -61
              }
            ]
          }
        }
      ]
    }
  ],
  "extraction_summary": {
    "total_entries": 35,
    "metar_records": 1,
    "taf_records": 1,
    "notam_records": 32,
    "upper_wind_records": 1,
    "stations_found": [
      "CYCD",
      "CYVR",
      "CYYJ"
    ],
    "extraction_time": "2025-10-20T19:28:12.836626+00:00"
  },
  "session_info": {
    "timestamp": "2025-10-20T19:28:12.836617+00:00",
    "stations_requested": [
      "CYVR"
    ],
    "source": "Nav Canada Weather Recall",
    "extraction_method": "optimized_structure"
  }
}