{
  "export_time": "2025-10-12T20:38:32.419885+00:00",
  "metars": {
    "CYVR": [
      {
        "station_id": "CYVR",
        "station_name": "Station CYVR",
        "latitude": 0.0,
        "longitude": 0.0,
        "elevation_meters": 0,
        "observation_time": "2025-10-12T20:00:00",
        "receipt_time": "2025-10-12T20:38:31.927212+00:00",
        "observation_timestamp": 1760292000,
        "temperature_celsius": 9.0,
        "dewpoint_celsius": 8.0,
        "wind_direction_degrees": 300,
        "wind_speed_knots": 7,
        "wind_variable": false,
        "visibility": "20",
        "altimeter_hpa": 1009.821498,
        "sky_coverage": "OVC",
        "cloud_layers": [
          {
            "coverage": "FEW",
            "altitude_feet": 2900,
            "cloud_type": null
          },
          {
            "coverage": "BKN",
            "altitude_feet": 4900,
            "cloud_type": null
          },
          {
            "coverage": "OVC",
            "altitude_feet": 7000,
            "cloud_type": null
          }
        ],
        "flight_category": "VFR",
        "present_weather": [],
        "report_type": "METAR",
        "raw_observation": "METAR CYVR 122000Z 30007KT 290V020 20SM FEW029 BKN049 OVC070 09/08 A2982 RMK SC1SC4AC3 SLP100="
      }
    ]
  },
  "tafs": {
    "CYVR": [
      {
        "station_id": "CYVR",
        "station_name": "Station CYVR",
        "latitude": 0.0,
        "longitude": 0.0,
        "elevation_meters": 0,
        "bulletin_time": "2025-10-12T17:40:00",
        "issue_time": "2025-10-12T17:40:00",
        "database_time": "2025-10-12T20:38:31.938418+00:00",
        "valid_from": "2025-10-12T22:38:32.419003",
        "valid_to": "2025-10-12T22:38:32.419003",
        "valid_from_timestamp": 0,
        "valid_to_timestamp": 0,
        "is_most_recent": true,
        "is_prior_version": false,
        "raw_taf": "TAF CYVR 121740Z\n1218/1324 10008KT P6SM SCT030 BKN050\n  TEMPO 1218/1221 5SM −SHRA BR BKN020\n  BECMG 1219/1221 31012KT\nFM122100 31012KT P6SM BKN060\n  TEMPO 1221/1224 P6SM −SHRA\nFM130000 31012KT P6SM BKN080\n  TEMPO 1300/1303 SCT090\nFM130300 36010KT P6SM SCT090\nFM131500 36010KT P6SM SKC\n  BECMG 1316/1318 30010KT\nRMK NXT FCST BY 122100Z=",
        "remarks": "",
        "forecast_periods": [
          {
            "valid_from": "2025-10-12T22:38:32.419003",
            "valid_to": "2025-10-12T22:38:32.419003",
            "valid_from_timestamp": 1760301512,
            "valid_to_timestamp": 1760301512,
            "wind_direction_degrees": 100,
            "wind_speed_knots": 8,
            "visibility": "6+",
            "cloud_layers": [
              {
                "coverage": "SCT",
                "base_altitude_feet": 3000,
                "cloud_type": null
              },
              {
                "coverage": "BKN",
                "base_altitude_feet": 5000,
                "cloud_type": null
              }
            ],
            "icing_turbulence": [],
            "temperature_forecasts": []
          },
          {
            "valid_from": "2025-10-12T18:00:00",
            "valid_to": "2025-10-12T21:00:00",
            "valid_from_timestamp": 1760284800,
            "valid_to_timestamp": 1760295600,
            "forecast_change_type": "TEMPO",
            "visibility": "5",
            "weather_phenomena": "RA",
            "cloud_layers": [
              {
                "coverage": "BKN",
                "base_altitude_feet": 2000,
                "cloud_type": null
              }
            ],
            "icing_turbulence": [],
            "temperature_forecasts": []
          },
          {
            "valid_from": "2025-10-12T19:00:00",
            "valid_to": "2025-10-12T21:00:00",
            "valid_from_timestamp": 1760288400,
            "valid_to_timestamp": 1760295600,
            "forecast_change_type": "BECMG",
            "wind_direction_degrees": 310,
            "wind_speed_knots": 12,
            "visibility": "6+",
            "cloud_layers": [],
            "icing_turbulence": [],
            "temperature_forecasts": []
          },
          {
            "valid_from": "2025-10-12T21:00:00",
            "valid_to": "2025-10-12T22:38:32.419003",
            "valid_from_timestamp": 1760295600,
            "valid_to_timestamp": 1760301512,
            "forecast_change_type": "FM",
            "wind_direction_degrees": 310,
            "wind_speed_knots": 12,
            "visibility": "6+",
            "cloud_layers": [
              {
                "coverage": "BKN",
                "base_altitude_feet": 6000,
                "cloud_type": null
              }
            ],
            "icing_turbulence": [],
            "temperature_forecasts": []
          },
          {
            "valid_from": "2025-10-12T21:00:00",
            "valid_to": "2025-10-12T22:38:32.419003",
            "valid_from_timestamp": 1760295600,
            "valid_to_timestamp": 1760301512,
            "forecast_change_type": "TEMPO",
            "visibility": "6+",
            "weather_phenomena": "RA",
            "cloud_layers": [],
            "icing_turbulence": [],
            "temperature_forecasts": []
          },
          {
            "valid_from": "2025-10-13T00:00:00",
            "valid_to": "2025-10-12T22:38:32.419003",
            "valid_from_timestamp": 1760306400,
            "valid_to_timestamp": 1760301512,
            "forecast_change_type": "FM",
            "wind_direction_degrees": 310,
            "wind_speed_knots": 12,
            "visibility": "6+",
            "cloud_layers": [
              {
                "coverage": "BKN",
                "base_altitude_feet": 8000,
                "cloud_type": null
              }
            ],
            "icing_turbulence": [],
            "temperature_forecasts": []
          },
          {
            "valid_from": "2025-10-13T00:00:00",
            "valid_to": "2025-10-13T03:00:00",
            "valid_from_timestamp": 1760306400,
            "valid_to_timestamp": 1760317200,
            "forecast_change_type": "TEMPO",
            "visibility": "6+",
            "cloud_layers": [
              {
                "coverage": "SCT",
                "base_altitude_feet": 9000,
                "cloud_type": null
              }
            ],
            "icing_turbulence": [],
            "temperature_forecasts": []
          },
          {
            "valid_from": "2025-10-13T03:00:00",
            "valid_to": "2025-10-12T22:38:32.419003",
            "valid_from_timestamp": 1760317200,
            "valid_to_timestamp": 1760301512,
            "forecast_change_type": "FM",
            "wind_direction_degrees": 360,
            "wind_speed_knots": 10,
            "visibility": "6+",
            "cloud_layers": [
              {
                "coverage": "SCT",
                "base_altitude_feet": 9000,
                "cloud_type": null
              }
            ],
            "icing_turbulence": [],
            "temperature_forecasts": []
          },
          {
            "valid_from": "2025-10-13T15:00:00",
            "valid_to": "2025-10-12T22:38:32.419003",
            "valid_from_timestamp": 1760360400,
            "valid_to_timestamp": 1760301512,
            "forecast_change_type": "FM",
            "wind_direction_degrees": 360,
            "wind_speed_knots": 10,
            "visibility": "6+",
            "cloud_layers": [
              {
                "coverage": "SKC",
                "base_altitude_feet": null,
                "cloud_type": null
              }
            ],
            "icing_turbulence": [],
            "temperature_forecasts": []
          },
          {
            "valid_from": "2025-10-13T16:00:00",
            "valid_to": "2025-10-13T18:00:00",
            "valid_from_timestamp": 1760364000,
            "valid_to_timestamp": 1760371200,
            "forecast_change_type": "BECMG",
            "wind_direction_degrees": 300,
            "wind_speed_knots": 10,
            "visibility": "6+",
            "cloud_layers": [],
            "icing_turbulence": [],
            "temperature_forecasts": []
          }
        ]
      }
    ]
  },
  "upper_winds": [
    {
      "periods": [
        {
          "valid_time": "131800Z",
          "use_period": "12-00",
          "stations": {
            "YVR": [
              {
                "altitude_ft": 3000,
                "direction_deg": null,
                "speed_kt": null,
                "temperature_c": null
              },
              {
                "altitude_ft": 6000,
                "direction_deg": null,
                "speed_kt": null,
                "temperature_c": null
              },
              {
                "altitude_ft": 9000,
                "direction_deg": null,
                "speed_kt": null,
                "temperature_c": null
              },
              {
                "altitude_ft": 12000,
                "direction_deg": null,
                "speed_kt": null,
                "temperature_c": null
              },
              {
                "altitude_ft": 18000,
                "direction_deg": null,
                "speed_kt": null,
                "temperature_c": null
              },
              {
                "altitude_ft": 24000,
                "direction_deg": 30,
                "speed_kt": 99,
                "temperature_c": -26
              },
              {
                "altitude_ft": 30000,
                "direction_deg": 30,
                "speed_kt": 130,
                "temperature_c": -38
              },
              {
                "altitude_ft": 34000,
                "direction_deg": 40,
                "speed_kt": 134,
                "temperature_c": -48
              },
              {
                "altitude_ft": 39000,
                "direction_deg": 20,
                "speed_kt": 102,
                "temperature_c": -51
              },
              {
                "altitude_ft": 45000,
                "direction_deg": 30,
                "speed_kt": 69,
                "temperature_c": -57
              },
              {
                "altitude_ft": 53000,
                "direction_deg": 30,
                "speed_kt": 26,
                "temperature_c": -56
              }
            ]
          }
        },
        {
          "valid_time": "131200Z",
          "use_period": "06-18",
          "stations": {
            "YVR": [
              {
                "altitude_ft": 3000,
                "direction_deg": 50,
                "speed_kt": 18,
                "temperature_c": null
              },
              {
                "altitude_ft": 6000,
                "direction_deg": 70,
                "speed_kt": 30,
                "temperature_c": -2
              },
              {
                "altitude_ft": 9000,
                "direction_deg": 80,
                "speed_kt": 14,
                "temperature_c": -7
              },
              {
                "altitude_ft": 12000,
                "direction_deg": 50,
                "speed_kt": 19,
                "temperature_c": -13
              },
              {
                "altitude_ft": 18000,
                "direction_deg": 50,
                "speed_kt": 17,
                "temperature_c": -26
              },
              {
                "altitude_ft": 24000,
                "direction_deg": null,
                "speed_kt": null,
                "temperature_c": null
              },
              {
                "altitude_ft": 30000,
                "direction_deg": null,
                "speed_kt": null,
                "temperature_c": null
              },
              {
                "altitude_ft": 34000,
                "direction_deg": null,
                "speed_kt": null,
                "temperature_c": null
              },
              {
                "altitude_ft": 39000,
                "direction_deg": null,
                "speed_kt": null,
                "temperature_c": null
              },
              {
                "altitude_ft": 45000,
                "direction_deg": null,
                "speed_kt": null,
                "temperature_c": null
              },
              {
                "altitude_ft": 53000,
                "direction_deg": null,
                "speed_kt": null,
                "temperature_c": null
              }
            ]
          }
        },
        {
          "valid_time": "130600Z",
          "use_period": "03-12",
          "stations": {
            "YVR": [
              {
                "altitude_ft": 3000,
                "direction_deg": null,
                "speed_kt": null,
                "temperature_c": null
              },
              {
                "altitude_ft": 6000,
                "direction_deg": null,
                "speed_kt": null,
                "temperature_c": null
              },
              {
                "altitude_ft": 9000,
                "direction_deg": null,
                "speed_kt": null,
                "temperature_c": null
              },
              {
                "altitude_ft": 12000,
                "direction_deg": null,
                "speed_kt": null,
                "temperature_c": null
              },
              {
                "altitude_ft": 18000,
                "direction_deg": null,
                "speed_kt": null,
                "temperature_c": null
              },
              {
                "altitude_ft": 24000,
                "direction_deg": 30,
                "speed_kt": 29,
                "temperature_c": -38
              },
              {
                "altitude_ft": 30000,
                "direction_deg": 20,
                "speed_kt": 82,
                "temperature_c": -39
              },
              {
                "altitude_ft": 34000,
                "direction_deg": 20,
                "speed_kt": 76,
                "temperature_c": -42
              },
              {
                "altitude_ft": 39000,
                "direction_deg": 20,
                "speed_kt": 64,
                "temperature_c": -45
              },
              {
                "altitude_ft": 45000,
                "direction_deg": 10,
                "speed_kt": 54,
                "temperature_c": -51
              },
              {
                "altitude_ft": 53000,
                "direction_deg": 20,
                "speed_kt": 20,
                "temperature_c": -54
              }
            ]
          }
        },
        {
          "valid_time": "130000Z",
          "use_period": "20-03",
          "stations": {
            "YVR": [
              {
                "altitude_ft": 3000,
                "direction_deg": 60,
                "speed_kt": 6,
                "temperature_c": null
              },
              {
                "altitude_ft": 6000,
                "direction_deg": 70,
                "speed_kt": 23,
                "temperature_c": -3
              },
              {
                "altitude_ft": 9000,
                "direction_deg": 90,
                "speed_kt": 19,
                "temperature_c": -10
              },
              {
                "altitude_ft": 12000,
                "direction_deg": 50,
                "speed_kt": 7,
                "temperature_c": -16
              },
              {
                "altitude_ft": 18000,
                "direction_deg": 70,
                "speed_kt": 11,
                "temperature_c": -30
              },
              {
                "altitude_ft": 24000,
                "direction_deg": 40,
                "speed_kt": 6,
                "temperature_c": -39
              },
              {
                "altitude_ft": 30000,
                "direction_deg": 10,
                "speed_kt": 36,
                "temperature_c": -40
              },
              {
                "altitude_ft": 34000,
                "direction_deg": 360,
                "speed_kt": 45,
                "temperature_c": -41
              },
              {
                "altitude_ft": 39000,
                "direction_deg": 360,
                "speed_kt": 45,
                "temperature_c": -44
              },
              {
                "altitude_ft": 45000,
                "direction_deg": 360,
                "speed_kt": 40,
                "temperature_c": -49
              },
              {
                "altitude_ft": 53000,
                "direction_deg": 350,
                "speed_kt": 30,
                "temperature_c": -54
              }
            ]
          }
        }
      ]
    }
  ],
  "extraction_summary": {
    "total_entries": 41,
    "metar_records": 1,
    "taf_records": 1,
    "notam_records": 38,
    "upper_wind_records": 1,
    "stations_found": [
      "CYDC",
      "CYVR",
      "CYYJ"
    ],
    "extraction_time": "2025-10-12T20:38:32.330755+00:00"
  },
  "session_info": {
    "timestamp": "2025-10-12T20:38:32.330747+00:00",
    "stations_requested": [
      "CYVR"
    ],
    "source": "Nav Canada Weather Recall",
    "extraction_method": "optimized_structure"
  }
}