{
  "session_info": {
    "timestamp": "2025-10-12T20:38:32.330747+00:00",
    "stations_requested": [
      "CYVR"
    ],
    "source": "Nav Canada Weather Recall",
    "extraction_method": "optimized_structure"
  },
  "weather_data": {
    "METAR": {
      "CYVR": [
        {
          "bulletin": "METAR CYVR 122000Z 30007KT 290V020 20SM FEW029 BKN049 OVC070 09/08 A2982 RMK SC1SC4AC3 SLP100=",
          "row_index": 2,
          "extraction_time": "2025-10-12T20:38:31.927212+00:00"
        }
      ]
    },
    "TAF": {
      "CYVR": [
        {
          "bulletin": "TAF CYVR 121740Z\n1218/1324 10008KT P6SM SCT030 BKN050\n  TEMPO 1218/1221 5SM −SHRA BR BKN020\n  BECMG 1219/1221 31012KT\nFM122100 31012KT P6SM BKN060\n  TEMPO 1221/1224 P6SM −SHRA\nFM130000 31012KT P6SM BKN080\n  TEMPO 1300/1303 SCT090\nFM130300 36010KT P6SM SCT090\nFM131500 36010KT P6SM SKC\n  BECMG 1316/1318 30010KT\nRMK NXT FCST BY 122100Z=",
          "row_index": 3,
          "extraction_time": "2025-10-12T20:38:31.938418+00:00"
        }
      ]
    },
    "Upper_Wind": [
      {
        "bulletin": "VALID 131800Z FOR USE 12-00\n          3000    |    6000    |    9000    |   12000    |   18000    |   24000    |   30000    |   34000    |   39000    |   45000    |   53000    \nYVR               |            |            |            |            | 30 99 -26  | 30 130 -38 | 40 134 -48 | 20 102 -51 | 30 69 -57  | 30 26 -56  \n\nVALID 131200Z FOR USE 06-18\n          3000    |    6000    |    9000    |   12000    |   18000    |   24000    |   30000    |   34000    |   39000    |   45000    |   53000    \nYVR     50 18     |  70 30 -2  |  80 14 -7  | 50 19 -13  | 50 17 -26  |            |            |            |            |            |            \n\nVALID 130600Z FOR USE 03-12\n          3000    |    6000    |    9000    |   12000    |   18000    |   24000    |   30000    |   34000    |   39000    |   45000    |   53000    \nYVR               |            |            |            |            | 30 29 -38  | 20 82 -39  | 20 76 -42  | 20 64 -45  | 10 54 -51  | 20 20 -54  \n\nVALID 130000Z FOR USE 20-03\n          3000    |    6000    |    9000    |   12000    |   18000    |   24000    |   30000    |   34000    |   39000    |   45000    |   53000    \nYVR      60 6     |  70 23 -3  | 90 19 -10  |  50 7 -16  | 70 11 -30  |  40 6 -39  | 10 36 -40  | 360 45 -41 | 360 45 -44 | 360 40 -49 | 350 30 -54",
        "row_index": 4,
        "extraction_time": "2025-10-12T20:38:31.949070+00:00"
      }
    ],
    "NOTAM": {
      "CYVR": [
        {
          "bulletin": "(F4990/25 NOTAMN\nA) CYVR B) 2510130100 C) 2510130300\nE) DUE TO REDUCED SYSTEM CAPACITY: LIMITATIONS IN EFFECT WITHIN\nTHE VANCOUVER (CYVR) CTL ZONE CLASS C AND D AIRSPACE: \nVFR ARR RESTRICTED TO CAM9 AND DESIGNATED HELIPADS ONLY)",
          "row_index": 5,
          "extraction_time": "2025-10-12T20:38:31.959412+00:00"
        },
        {
          "bulletin": "(F4989/25 NOTAMR F4983/25\nA) CYVR B) 2510122002 C) 2510130100\nE) DUE TO REDUCED SYSTEM CAPACITY: \nLIMITATIONS IN EFFECT WITHIN VANCOUVER (CYVR) CTL ZONE CLASS\nC AND D AIRSPACE: VFR ACFT EXP DLA UP TO 15MIN OR RESTRICTIONS.)",
          "row_index": 6,
          "extraction_time": "2025-10-12T20:38:31.969390+00:00"
        },
        {
          "bulletin": "(S4492/25 NOTAMR S4473/25\nA) CYVR B) 2510121701 C) 2510130101\nE) RSC 08L 5/5/5 100 PCT WET, 100 PCT WET, 100 PCT WET. VALID OCT 12 \n1648 - OCT 13 0048.\n\nRSC 26R 5/5/5 100 PCT WET, 100 PCT WET, 100 PCT WET. VALID OCT 12 \n1648 - OCT 13 0048.\n\nRSC 08R 5/5/6 50 PCT WET, 50 PCT WET, 20 PCT WET. VALID OCT 12 \n1700 - OCT 13 0100.\n\nRSC 26L 6/5/5 20 PCT WET, 50 PCT WET, 50 PCT WET. VALID OCT 12 \n1700 - OCT 13 0100.\n\nADDN NON-GRF/TALPA INFO:)",
          "row_index": 7,
          "extraction_time": "2025-10-12T20:38:31.979514+00:00"
        },
        {
          "bulletin": "(C4546/25 NOTAMR C4293/25\nA) CYVR B) 2510121349 C) 2510181400\nE) RWY 08L/26R CL LGT U/S)",
          "row_index": 8,
          "extraction_time": "2025-10-12T20:38:31.989413+00:00"
        },
        {
          "bulletin": "(F4972/25 NOTAMN\nA) CYVR B) 2510111400 C) 2510130200\nD) DAILY 1400-0200\nE) DUE TO REDUCED SYSTEM CAPACITY: LIMITATIONS IN EFFECT WITHIN\nVANCOUVER (CYVR) TERMINAL CTA CLASS C AIRSPACE: \nVFR ACFT PLANNING TO OPR ABV 2500FT AMSL EXP ALTERNATE RTE\nAND/OR ALT)",
          "row_index": 9,
          "extraction_time": "2025-10-12T20:38:31.999213+00:00"
        },
        {
          "bulletin": "(C4501/25 NOTAMR C4375/25\nA) CYVR B) 2510100232 C) 2510180645\nE) ALS 08L AND 26R U/S. APPLY PROC FOR HIGH INTST APCH LGT \nINOPERATIVE (AIP AD 2.22.4)",
          "row_index": 10,
          "extraction_time": "2025-10-12T20:38:32.009296+00:00"
        },
        {
          "bulletin": "(C4500/25 NOTAMR C4376/25\nA) CYVR B) 2510100220 C) 2510180645\nE) LOW VIS PROC RWY 08L/26R NOT AUTH. SFC GUIDANCE AND CTL U/S)",
          "row_index": 11,
          "extraction_time": "2025-10-12T20:38:32.018800+00:00"
        },
        {
          "bulletin": "(C4499/25 NOTAMR C4373/25\nA) CYVR B) 2510100217 C) 2510180645\nE) RWY 08L/26R TDZ LGT U/S)",
          "row_index": 12,
          "extraction_time": "2025-10-12T20:38:32.028504+00:00"
        },
        {
          "bulletin": "(C4497/25 NOTAMR C4292/25\nA) CYVR B) 2510100216 C) 2510180645\nE) RWY 08L/26R CERTIFIED NON-PRECISION ONLY DUE CONST)",
          "row_index": 13,
          "extraction_time": "2025-10-12T20:38:32.038055+00:00"
        },
        {
          "bulletin": "(C4498/25 NOTAMR C4291/25\nA) CYVR B) 2510100216 C) 2510180645\nE) RWY 08L/26R ARR NOT AUTH BLW RVR 5000FT)",
          "row_index": 14,
          "extraction_time": "2025-10-12T20:38:32.047720+00:00"
        },
        {
          "bulletin": "(C4496/25 NOTAMR C4377/25\nA) CYVR B) 2510100214 C) 2510180645\nE) TKOF RWY 08L/26R NOT AUTH WHEN RVR BLW 1200FT)",
          "row_index": 15,
          "extraction_time": "2025-10-12T20:38:32.057146+00:00"
        },
        {
          "bulletin": "(C4491/25 NOTAMR C4455/25\nA) CYVR B) 2510092238 C) 2510172359EST\nE) ILS CAT II AND III APCH RWY 08L AND 26R NOT AUTH, \nDUE RWY LGT U/S)",
          "row_index": 16,
          "extraction_time": "2025-10-12T20:38:32.067520+00:00"
        },
        {
          "bulletin": "(C4450/25 NOTAMN\nA) CYVR B) 2510091500 C) 2510130100\nE) MOBILE CRANE WITHIN 360FT RADIUS CENTRED ON 490900N 1231012W APRX \n1.9NM BFR THR 31 AND 5430FT SW EXTENDED RCL. 140FT AGL 143FT \nAMSL. LGTD, PAINTED.)",
          "row_index": 17,
          "extraction_time": "2025-10-12T20:38:32.077120+00:00"
        },
        {
          "bulletin": "(C4417/25 NOTAMR C4411/25\nA) CYVR B) 2510051220 C) 2512071400\nE) RWY 13/31 CLSD AVBL AS TWY \nTHR 31 HEL TKOF/LDG AUTH.)",
          "row_index": 18,
          "extraction_time": "2025-10-12T20:38:32.086985+00:00"
        },
        {
          "bulletin": "(C4413/25 NOTAMR C4412/25\nA) CYVR B) 2510051002 C) 2511281400\nE) TWY A BTN TWY AR AND TWY A5 CLSD.)",
          "row_index": 19,
          "extraction_time": "2025-10-12T20:38:32.096974+00:00"
        },
        {
          "bulletin": "(C4390/25 NOTAMR C4155/25\nA) CYVR B) 2510031823 C) 2512192359EST\nE) DUE RWY CONST: \n.\nILS Z RWY 08L APCH:\nMINIMA TO READ :  263 (250) 1 RVR 50\nMISSED APCH INSTR TO READ: REQUIRES A MINIMUM CLIMB GRADIENT OF\n270 FT/NM TO 1200. DO NOT EXCEED 230KT UNTIL SESPI. CLIMBING\nLEFT TURN TO 3000 DIRECT TO SESPI. AS REQUIRED SHUTTLE CLIMB\n.\nLOC/DME AND LOC/RADAR MINIMA TO READ: 520 (507) 1 RVR 50\nDIST/ALT TABLE: LAST ALT TO READ 1.6/520 INSTEAD OF 0.9/300\n.\nILS RWY 26R APCH: \nILS MINIMA TO READ : 259 (250) 1 RVR 50\n.\nRNAV (GNSS) Z RWY 08L APCH: \nMISSED APCH INSTR TO READ: REQUIRES A MINIMUM CLIMB GRADIENT OF\n270 FT/NM TO 1200. DO NOT EXCEED 230KT UNTIL SESPI. CLIMBING\nLEFT TURN TO 3000 DIRECT TO SESPI. AS REQUIRED SHUTTLE CLIMB.\n.\nLPV MINIMA TO READ: 263 (250) 1 RVR 50\nLNAV MINIMA TO READ: 620 (607) 1 1/4 \nDIST/ALT TABLE: LAST ALT TO READ 1.7/620 INSTEAD OF 1.0/380\n.\nOPS NOTE: ADD: IF UNABLE TO MEET CLIMB GRADIENT DO NOT DESCEND\nBELOW LNAV MINIMA.\n.\nMISSED APCH CLIMB RATE TABLE VV (FPM) \nGS   90 120 140 160 180 200  250  300 \nFPM 410 540 630 720 810 900 1130 1350\n.\nRNAV (RNP) Y RWY 08L APCH: \nRNP 0.15 MINIMA TO READ: 455 (442) 1 RVR 50 \nRNP 0.30 MINIMA TO READ: 457 (444) 1 RVR 50\n.\nRNAV (GNSS) RWY 26R APCH: \nLPV MINIMA TO READ: 259 (250) 1 RVR 50)",
          "row_index": 20,
          "extraction_time": "2025-10-12T20:38:32.106636+00:00"
        },
        {
          "bulletin": "(C4233/25 NOTAMR C4232/25\nA) CYVR B) 2509251955 C) 2511072305\nE) ACFT WITH WINGSPAN GREATER THAN 36M/118FT CANNOT SAFELY PASS\nBEHIND ACFT HOLDING ON TWY D EAST OF TWY D7.)",
          "row_index": 21,
          "extraction_time": "2025-10-12T20:38:32.116619+00:00"
        },
        {
          "bulletin": "(F4663/25 NOTAMR F3212/25\nA) CYVR B) 2509251612 C) 2512192359EST\nE) VANCOUVER TWR FREQ 125.65MHZ U/S. USE 124.025MHZ)",
          "row_index": 22,
          "extraction_time": "2025-10-12T20:38:32.130477+00:00"
        },
        {
          "bulletin": "(C4166/25 NOTAMR C3462/25\nA) CYVR B) 2509221320 C) 2512231300EST\nE) RWY 13/31: \nALL INSTR APCH PROC, DEP PROC AND DEP RTE: NOT AUTH)",
          "row_index": 23,
          "extraction_time": "2025-10-12T20:38:32.140233+00:00"
        },
        {
          "bulletin": "(C4150/25 NOTAMR C2437/25\nA) CYVR B) 2509211547 C) 2512191600EST\nE) RNAV (GNSS) RWY 26R APCH: \nLNAV/VNAV MINIMA TO READ: 687 (678) 1 3/4)",
          "row_index": 24,
          "extraction_time": "2025-10-12T20:38:32.149874+00:00"
        },
        {
          "bulletin": "(C3856/25 NOTAMN\nA) CYVR B) 2509081300 C) 2512060000\nD) SEP 08-NOV 01 1300-2300 ,  NOV 02-DEC 05 1400-0000 \nE) MOBILE CRANES WITHIN 483FT RADIUS CENTRED ON 491107N 1230838W \nAPRX 3850FT BFR DTHR 26L AND 890FT NORTH EXTENDED RCL. 92FT AGL \n103FT AMSL. LGTD, NOT PAINTED.)",
          "row_index": 25,
          "extraction_time": "2025-10-12T20:38:32.159431+00:00"
        },
        {
          "bulletin": "(C3847/25 NOTAMN\nA) CYVR B) 2509061300 C) 2512051300EST\nE) MULTIPLE CRANES WITHIN 470FT RADIUS CENTRED ON 491105N 1230840W \nAPRX 3760FT BFR DTHR 26L AND 670FT NORTH EXTENDED RCL. 91FT AGL \n93FT AMSL. LGTD, PAINTED.)",
          "row_index": 26,
          "extraction_time": "2025-10-12T20:38:32.169051+00:00"
        },
        {
          "bulletin": "(C3609/25 NOTAMN\nA) CYVR B) 2508261331 C) 2510312359EST\nE) MULTIPLE CRANES WITHIN 251FT RADIUS CENTRED ON 491347N 1230824W \nAPRX 2900FT BFR THR 26R AND 1.9NM NORTH EXTENDED RCL. 321FT AGL \n600FT AMSL. NOT LGTD, NOT PAINTED.)",
          "row_index": 27,
          "extraction_time": "2025-10-12T20:38:32.178744+00:00"
        },
        {
          "bulletin": "(C3359/25 NOTAMN\nA) CYVR B) 2508121755 C) PERM\nE) AMEND PUBLICATIONS: MULTIPLE BUILDINGS WITHIN 670FT RADIUS \nCENTRED ON 491356N 1230706W APRX 1.3NM BFR THR 26R AND 2.2NM \nNORTH EXTENDED RCL. 450FT AGL 752FT AMSL. NOT LGTD, PAINTED.)",
          "row_index": 28,
          "extraction_time": "2025-10-12T20:38:32.188329+00:00"
        },
        {
          "bulletin": "(C3202/25 NOTAMR C1707/25\nA) CYVR B) 2508051924 C) 2511032000EST\nE) DUE TO REDUCED SYSTEM CAPACITY\nALL VFR ACFT DESTINED FOR CYVR EXCLUDING CAM9 AND HELI TFC, \nARE REQUIRED TO CTC YVR ACC (1-800-668-1333)\nBTN 30-90MIN PRIOR TO DEP FOR AN APPROVED ARR TIME)",
          "row_index": 29,
          "extraction_time": "2025-10-12T20:38:32.198500+00:00"
        },
        {
          "bulletin": "(F3362/25 NOTAMR F1277/25\nA) CYVR B) 2507251539 C) 2510242359\nE) VANCOUVER CENTRE DEP FREQ 363.8MHZ U/S)",
          "row_index": 30,
          "extraction_time": "2025-10-12T20:38:32.209645+00:00"
        },
        {
          "bulletin": "(C3006/25 NOTAMR C1553/25\nA) CYVR B) 2507251418 C) 2510242359EST\nE) VANCOUVER DME IMK 111.1MHZ/CH48X U/S)",
          "row_index": 31,
          "extraction_time": "2025-10-12T20:38:32.221032+00:00"
        },
        {
          "bulletin": "(C3005/25 NOTAMR C1552/25\nA) CYVR B) 2507251417 C) 2510242359EST\nE) ILS RWY 13 U/S)",
          "row_index": 32,
          "extraction_time": "2025-10-12T20:38:32.232328+00:00"
        },
        {
          "bulletin": "(C2053/25 NOTAMN\nA) CYVR B) 2506031415 C) PERM\nE) AMEND PUBLICATIONS: MULTIPLE BUILDINGS WITHIN 210FT RADIUS \nCENTRED ON 491231N 1230711W APRX 1.5NM BFR THR 26R AND 4560FT \nNORTH EXTENDED RCL. 352FT AGL 394FT AMSL. NOT LGTD, NOT PAINTED.)",
          "row_index": 33,
          "extraction_time": "2025-10-12T20:38:32.242585+00:00"
        },
        {
          "bulletin": "(F4981/25 NOTAMR F4969/25\nA) CZVR B) 2510111856 C) 2510132359EST\nE) VANCOUVER (SEA ISLAND) PSR U/S. \nFLT WITHIN RADIUS 80NM CENTRE 491152N 1231218W \nWILL NOT BE PROVIDED NON-TRANSPONDER EQUIPPED ACFT TFC INFO)",
          "row_index": 34,
          "extraction_time": "2025-10-12T20:38:32.252956+00:00"
        },
        {
          "bulletin": "(F4966/25 NOTAMR F4653/25\nA) CZVR CZEG B) 2510102025 C) 2510242359EST\nE) VANCOUVER CENTRE PERIPHERAL STATION (PAL) 381.9MHZ AT\nENDERBY U/S.)",
          "row_index": 36,
          "extraction_time": "2025-10-12T20:38:32.272980+00:00"
        },
        {
          "bulletin": "(F4036/25 NOTAMR F1996/25\nA) CZVR CZEG B) 2508261734 C) 2511261600EST\nE) ALL ACFT, REGARDLESS OF THE STATE OF REGISTRY, DIRECTLY OR \nINDIRECTLY OWNED, CHARTERED, LEASED, OPERATED OR OTHERWISE \nCONTROLLED BY A PERSON CONNECTED WITH EITHER THE RUSSIAN \nFEDERATION OR OF BELARUS OR BY A CORPORATION OR ENTITY THAT IS \nINCORPORATED OR FORMED UNDER THE LAWS OF THE RUSSIAN FEDERATION \nOR BELARUS, AND ALL OPERATORS HOLDING AN AIR OPERATOR CERTIFICATE \n(AOC) ISSUED BY RUSSIAN FEDERATION AND/OR BELARUSIAN AUTHORITIES \nARE PROHIBITED TO ENTER, EXIT OR OVERFLY CANADA'S TERRITORIAL \nAIRSPACE (INCLUDING FLT WITHIN 12NM OF CANADA'S COASTS). \nEXCEPTIONS PERMITTED FOR ACFT EXPERIENCING INFLIGHT EMERG. \n\nALL AUTH OBTAINED PRIOR TO 27 FEB 2022 FOR ACFT AND OPS SUBJECT \nTO THIS NOTAM ARE REVOKED.\n\nHUMANITARIAN, SAR, MEDEVAC AND ANY OTHER FLT SEEKING AN EXCEPTION \nTO THIS RESTRICTION MUST RECEIVE AUTH GRANTED AFTER 27 FEB 2022 \nFM THE MINISTER OF TRANSPORT TO OPERATE IN CANADA'S TERRITORIAL \nAIRSPACE.  AFFECTED ACFT WISHING TO OBTAIN SUCH AN AUTH OR CLR \nINTO CANADA'S TERRITORIAL AIRSPACE MAY APPLY TO THE MINISTER OF \nTRANSPORT AT 1-877-992-6853 OR 1-613-992-6853 OR BY EMAIL AT \nOPERATIONS.AVIATION(AT)TC.GC.CA.)",
          "row_index": 39,
          "extraction_time": "2025-10-12T20:38:32.301644+00:00"
        },
        {
          "bulletin": "(F3357/25 NOTAMR F1275/25\nA) CZEG CZVR B) 2507251455 C) 2510251400EST\nE) AIRSPACE SECURITY WARNING ISSUED BY THE DEPARTMENT OF TRANSPORT \nIN RESPONSE TO THE SECURITY SITUATION IN THE DEMOCRATIC REPUBLIC \nOF CONGO. CANADIAN AIR OPERATORS AND OWNERS OF AIRCRAFT \nREGISTERED IN CANADA ARE RECOMMENDED TO MAINTAIN A FLIGHT LEVEL \nAT OR ABOVE FL260 WITHIN THE AREA BOUNDED BY 010000N 0302800E - \n010000N 0253000E - 050000S 0253000E - 050000S 0292200E - \n010000N 0302800E IN FIR KINSHASA (FZZA) DUE TO RISK FROM \nANTI-AIRCRAFT WEAPONRY.)",
          "row_index": 40,
          "extraction_time": "2025-10-12T20:38:32.311474+00:00"
        }
      ],
      "CYYJ": [
        {
          "bulletin": "(F4973/25 NOTAMN\nA) CYYJ B) 2510111400 C) 2510130200\nD) DAILY 1400-0200\nE) DUE TO REDUCED SYSTEM CAPACITY: \nLIMITATIONS IN EFFECT WITHIN VICTORIA (CYYJ) TERMINAL CTA \nCLASS C AIRSPACE: VFR ACFT PLANNING TO OPR ABV 2500FT AMSL\nEXP ALTERNATE RTE AND/OR ALT.)",
          "row_index": 35,
          "extraction_time": "2025-10-12T20:38:32.263293+00:00"
        }
      ],
      "CYDC": [
        {
          "bulletin": "(F4862/25 NOTAMR F4791/25\nA) CYDC B) 2510061657 C) 2510172359EST\nE) VANCOUVER CENTRE PERIPHERAL STATION (PAL) \n135.0MHZ AT PRINCETON U/S)",
          "row_index": 37,
          "extraction_time": "2025-10-12T20:38:32.282583+00:00"
        },
        {
          "bulletin": "(F4863/25 NOTAMR F4793/25\nA) CYDC B) 2510061657 C) 2510172359EST\nE) VANCOUVER CENTRE PERIPHERAL STATION (PAL) \n351.3MHZ AT PRINCETON U/S)",
          "row_index": 38,
          "extraction_time": "2025-10-12T20:38:32.292255+00:00"
        }
      ],
      "Other": [
        {
          "bulletin": "(I5191/25 NOTAMR I5121/25\nA) CXXX B) 2510081531 C) 2511010000EST\nE) CBK4 VANCOUVER (GEN HOSPITAL) (HELI)\nHELIPORT CLSD)",
          "row_index": 41,
          "extraction_time": "2025-10-12T20:38:32.321110+00:00"
        },
        {
          "bulletin": "(C2918/25 NOTAMR C1426/25\nA) CXXX B) 2507211826 C) 2510171700EST\nE) CBK4 VANCOUVER (GEN HOSPITAL) (HELI)\nTOWER 491544N 1230726W (APRX 200FT NNE AD). \n118FT AGL 263FT AMSL. LGTD, PAINTED)",
          "row_index": 42,
          "extraction_time": "2025-10-12T20:38:32.330687+00:00"
        }
      ]
    }
  },
  "extraction_summary": {
    "total_entries": 41,
    "metar_records": 1,
    "taf_records": 1,
    "notam_records": 38,
    "upper_wind_records": 1,
    "stations_found": [
      "CYDC",
      "CYVR",
      "CYYJ"
    ],
    "extraction_time": "2025-10-12T20:38:32.330755+00:00"
  }
}