{
  "session_info": {
    "timestamp": "2025-10-11T13:39:23.674269+00:00",
    "stations_requested": [
      "CYVR",
      "CYYC"
    ],
    "source": "Nav Canada Weather Recall",
    "extraction_method": "simple_metadata_bulletin"
  },
  "weather_data": {
    "entry_000_METAR\nCYVR": {
      "metadata": "METAR\nCYVR",
      "bulletin": "METAR CYVR 111300Z 12004KT 6SM -RA BR FEW005 BKN056 OVC071 11/11 A2980 RMK SF1SC6AC1 SLP093=",
      "row_index": 1,
      "extraction_time": "2025-10-11T13:39:26.740071+00:00"
    },
    "entry_001_METAR\nCYYC": {
      "metadata": "METAR\nCYYC",
      "bulletin": "METAR CYYC 111300Z 20006KT 200V310 20SM FEW160 FEW240 10/02 A2947 RMK AC1CI1 AC TR SLP988 DENSITY ALT 4400FT=",
      "row_index": 2,
      "extraction_time": "2025-10-11T13:39:26.751536+00:00"
    },
    "entry_002_TAF\nCYVR": {
      "metadata": "TAF\nCYVR",
      "bulletin": "TAF AMD CYVR 111206Z\n1112/1218 11005KT P6SM FEW003 SCT020 OVC080\n  TEMPO 1112/1116 5SM −RA BR SCT003 BKN020\n  PROB30 1112/1116 3SM −SHRA BR OVC003\nFM111600 18008KT P6SM −RA SCT008 BKN012 OVC080\n  TEMPO 1116/1119 3SM −RA BR BKN008 OVC012\n  PROB30 1116/1119 3SM −SHRA BR OVC003\nFM111900 27008KT P6SM FEW008 SCT012 BKN080\n  TEMPO 1119/1122 P6SM VCSH SCT008 BKN012\nFM112200 27008KT P6SM FEW012 SCT080\n  BECMG 1201/1203 28010G20KT\nFM120300 28010G20KT P6SM FEW012\n  TEMPO 1203/1206 BKN012\nFM120600 28010G20KT P6SM FEW008 BKN012\n  TEMPO 1206/1218 SCT012\n  PROB30 1206/1218 BKN008\nRMK NXT FCST BY 111500Z=",
      "row_index": 3,
      "extraction_time": "2025-10-11T13:39:26.762047+00:00"
    },
    "entry_003_TAF\nCYYC": {
      "metadata": "TAF\nCYYC",
      "bulletin": "TAF CYYC 111140Z\n1112/1212 19008KT P6SM BKN200\n  BECMG 1114/1116 VRB03KT SKC\nFM112000 28008KT P6SM SCT080\n  BECMG 1122/1124 36018G28KT\nFM120000 36018G28KT P6SM −RA SCT012 OVC040\n  TEMPO 1200/1202 P6SM −SHRA OVC012\n  BECMG 1200/1202 34015G25KT\nFM120200 35015G25KT 2 1/2SM −SN BR VV008\n  TEMPO 1202/1205 6SM −SNRA OVC012\nFM120500 35012G22KT 4SM −SN BR OVC012\n  TEMPO 1205/1208 P6SM NSW SCT012 OVC025\nFM120800 34012KT P6SM SCT012 BKN040\n  TEMPO 1208/1212 5SM −SN BR OVC012\nRMK NXT FCST BY 111500Z=",
      "row_index": 4,
      "extraction_time": "2025-10-11T13:39:26.772126+00:00"
    },
    "entry_004_Upper_Wind": {
      "metadata": "Upper Wind",
      "bulletin": "VALID 120600Z FOR USE 00-12\n           3000     |     6000     |     9000     |    12000     |    18000     |    24000     |    30000     |    34000     |    39000     |    45000     |    53000     \nYVR      300 16     |   300 16 0   |  300 15 -4   |  310 20 -9   |  310 46 -19  |  310 63 -31  |  310 73 -49  |  310 59 -56  |  320 44 -54  |  310 29 -51  |  270 17 -53  \nYYC                 |  360 34 -6   |  340 23 -9   |  270 7 -12   |  220 22 -23  |  210 34 -36  |  190 56 -45  |  200 57 -48  |  210 51 -49  |  220 40 -51  |  230 34 -52  \n\nVALID 111800Z FOR USE 15-00\n           3000     |     6000     |     9000     |    12000     |    18000     |    24000     |    30000     |    34000     |    39000     |    45000     |    53000     \nYVR      290 17     |   300 14 0   |  300 13 -4   |  320 15 -7   |  350 33 -18  |  350 37 -32  |  350 40 -47  |  350 38 -55  |  310 14 -54  |  250 14 -51  |  250 20 -53  \nYYC                 |  270 15 +8   |   260 27 0   |  260 21 -4   |  200 20 -20  |  220 73 -28  |  210 98 -41  |  210 96 -50  |  220 80 -56  |  220 56 -53  |  220 28 -56  \n\nVALID 111200Z FOR USE 08-15\n           3000     |     6000     |     9000     |    12000     |    18000     |    24000     |    30000     |    34000     |    39000     |    45000     |    53000     \nYVR      270 6      |   260 13 0   |  280 17 -4   |  330 16 -8   |  350 17 -20  |  10 24 -33   |  10 56 -48   |  10 18 -51   |  240 14 -51  |  220 25 -51  |  240 23 -53  \nYYC                 |  250 26 +9   |  250 36 +2   |  250 31 -3   |  230 36 -18  |  210 85 -25  |  210 98 -39  | 210 103 -49  |  220 81 -58  |  220 57 -58  |  240 25 -54",
      "row_index": 5,
      "extraction_time": "2025-10-11T13:39:26.781978+00:00"
    },
    "entry_005_NOTAM\nCYVR": {
      "metadata": "NOTAM\nCYVR",
      "bulletin": "(F4977/25 NOTAMN\nA) CYVR B) 2510111314 C) 2510120200\nE) DUE TO REDUCED SYSTEM CAPACITY: LIMITATIONS IN EFFECT WITHIN\nTHE VANCOUVER (CYVR) CTL ZONE CLASS C AND D AIRSPACE: \nVFR ARR RESTRICTED TO CAM9 AND DESIGNATED HELIPADS ONLY)",
      "row_index": 6,
      "extraction_time": "2025-10-11T13:39:26.792177+00:00"
    },
    "entry_006_NOTAM\nCYVR": {
      "metadata": "NOTAM\nCYVR",
      "bulletin": "(S4382/25 NOTAMR S4367/25\nA) CYVR B) 2510111121 C) 2510111921\nE) RSC 08L 5/5/5 100 PCT WET, 100 PCT WET, 100 PCT WET. VALID OCT 11 \n1121 - OCT 11 1921.\n\nRSC 26R 5/5/5 100 PCT WET, 100 PCT WET, 100 PCT WET. VALID OCT 11 \n1121 - OCT 11 1921.\n\nRSC 08R 5/5/5 100 PCT WET, 100 PCT WET, 100 PCT WET. VALID OCT 11 \n1057 - OCT 11 1857.\n\nRSC 26L 5/5/5 100 PCT WET, 100 PCT WET, 100 PCT WET. VALID OCT 11 \n1057 - OCT 11 1857.\n\nADDN NON-GRF/TALPA INFO:)",
      "row_index": 7,
      "extraction_time": "2025-10-11T13:39:26.804336+00:00"
    },
    "entry_007_NOTAM\nCYVR": {
      "metadata": "NOTAM\nCYVR",
      "bulletin": "(F4972/25 NOTAMN\nA) CYVR B) 2510111400 C) 2510130200\nD) DAILY 1400-0200\nE) DUE TO REDUCED SYSTEM CAPACITY: LIMITATIONS IN EFFECT WITHIN\nVANCOUVER (CYVR) TERMINAL CTA CLASS C AIRSPACE: \nVFR ACFT PLANNING TO OPR ABV 2500FT AMSL EXP ALTERNATE RTE\nAND/OR ALT)",
      "row_index": 8,
      "extraction_time": "2025-10-11T13:39:26.814053+00:00"
    },
    "entry_008_NOTAM\nCYVR": {
      "metadata": "NOTAM\nCYVR",
      "bulletin": "(C4504/25 NOTAMN\nA) CYVR B) 2510120500 C) 2510121300\nE) RWY 08R/26L CLSD.)",
      "row_index": 9,
      "extraction_time": "2025-10-11T13:39:26.824320+00:00"
    },
    "entry_009_NOTAM\nCYVR": {
      "metadata": "NOTAM\nCYVR",
      "bulletin": "(C4501/25 NOTAMR C4375/25\nA) CYVR B) 2510100232 C) 2510180645\nE) ALS 08L AND 26R U/S. APPLY PROC FOR HIGH INTST APCH LGT \nINOPERATIVE (AIP AD 2.22.4)",
      "row_index": 10,
      "extraction_time": "2025-10-11T13:39:26.835062+00:00"
    },
    "entry_010_NOTAM\nCYVR": {
      "metadata": "NOTAM\nCYVR",
      "bulletin": "(C4500/25 NOTAMR C4376/25\nA) CYVR B) 2510100220 C) 2510180645\nE) LOW VIS PROC RWY 08L/26R NOT AUTH. SFC GUIDANCE AND CTL U/S)",
      "row_index": 11,
      "extraction_time": "2025-10-11T13:39:26.845571+00:00"
    },
    "entry_011_NOTAM\nCYVR": {
      "metadata": "NOTAM\nCYVR",
      "bulletin": "(C4499/25 NOTAMR C4373/25\nA) CYVR B) 2510100217 C) 2510180645\nE) RWY 08L/26R TDZ LGT U/S)",
      "row_index": 12,
      "extraction_time": "2025-10-11T13:39:26.855977+00:00"
    },
    "entry_012_NOTAM\nCYVR": {
      "metadata": "NOTAM\nCYVR",
      "bulletin": "(C4497/25 NOTAMR C4292/25\nA) CYVR B) 2510100216 C) 2510180645\nE) RWY 08L/26R CERTIFIED NON-PRECISION ONLY DUE CONST)",
      "row_index": 13,
      "extraction_time": "2025-10-11T13:39:26.866805+00:00"
    },
    "entry_013_NOTAM\nCYVR": {
      "metadata": "NOTAM\nCYVR",
      "bulletin": "(C4498/25 NOTAMR C4291/25\nA) CYVR B) 2510100216 C) 2510180645\nE) RWY 08L/26R ARR NOT AUTH BLW RVR 5000FT)",
      "row_index": 14,
      "extraction_time": "2025-10-11T13:39:26.876697+00:00"
    },
    "entry_014_NOTAM\nCYVR": {
      "metadata": "NOTAM\nCYVR",
      "bulletin": "(C4496/25 NOTAMR C4377/25\nA) CYVR B) 2510100214 C) 2510180645\nE) TKOF RWY 08L/26R NOT AUTH WHEN RVR BLW 1200FT)",
      "row_index": 15,
      "extraction_time": "2025-10-11T13:39:26.886571+00:00"
    },
    "entry_015_NOTAM\nCYVR": {
      "metadata": "NOTAM\nCYVR",
      "bulletin": "(C4491/25 NOTAMR C4455/25\nA) CYVR B) 2510092238 C) 2510172359EST\nE) ILS CAT II AND III APCH RWY 08L AND 26R NOT AUTH, \nDUE RWY LGT U/S)",
      "row_index": 16,
      "extraction_time": "2025-10-11T13:39:26.896212+00:00"
    },
    "entry_016_NOTAM\nCYVR": {
      "metadata": "NOTAM\nCYVR",
      "bulletin": "(C4450/25 NOTAMN\nA) CYVR B) 2510091500 C) 2510130100\nE) MOBILE CRANE WITHIN 360FT RADIUS CENTRED ON 490900N 1231012W APRX \n1.9NM BFR THR 31 AND 5430FT SW EXTENDED RCL. 140FT AGL 143FT \nAMSL. LGTD, PAINTED.)",
      "row_index": 17,
      "extraction_time": "2025-10-11T13:39:26.905864+00:00"
    },
    "entry_017_NOTAM\nCYVR": {
      "metadata": "NOTAM\nCYVR",
      "bulletin": "(C4417/25 NOTAMR C4411/25\nA) CYVR B) 2510051220 C) 2512071400\nE) RWY 13/31 CLSD AVBL AS TWY \nTHR 31 HEL TKOF/LDG AUTH.)",
      "row_index": 18,
      "extraction_time": "2025-10-11T13:39:26.917091+00:00"
    },
    "entry_018_NOTAM\nCYVR": {
      "metadata": "NOTAM\nCYVR",
      "bulletin": "(C4413/25 NOTAMR C4412/25\nA) CYVR B) 2510051002 C) 2511281400\nE) TWY A BTN TWY AR AND TWY A5 CLSD.)",
      "row_index": 19,
      "extraction_time": "2025-10-11T13:39:26.929102+00:00"
    },
    "entry_019_NOTAM\nCYVR": {
      "metadata": "NOTAM\nCYVR",
      "bulletin": "(C4390/25 NOTAMR C4155/25\nA) CYVR B) 2510031823 C) 2512192359EST\nE) DUE RWY CONST: \n.\nILS Z RWY 08L APCH:\nMINIMA TO READ :  263 (250) 1 RVR 50\nMISSED APCH INSTR TO READ: REQUIRES A MINIMUM CLIMB GRADIENT OF\n270 FT/NM TO 1200. DO NOT EXCEED 230KT UNTIL SESPI. CLIMBING\nLEFT TURN TO 3000 DIRECT TO SESPI. AS REQUIRED SHUTTLE CLIMB\n.\nLOC/DME AND LOC/RADAR MINIMA TO READ: 520 (507) 1 RVR 50\nDIST/ALT TABLE: LAST ALT TO READ 1.6/520 INSTEAD OF 0.9/300\n.\nILS RWY 26R APCH: \nILS MINIMA TO READ : 259 (250) 1 RVR 50\n.\nRNAV (GNSS) Z RWY 08L APCH: \nMISSED APCH INSTR TO READ: REQUIRES A MINIMUM CLIMB GRADIENT OF\n270 FT/NM TO 1200. DO NOT EXCEED 230KT UNTIL SESPI. CLIMBING\nLEFT TURN TO 3000 DIRECT TO SESPI. AS REQUIRED SHUTTLE CLIMB.\n.\nLPV MINIMA TO READ: 263 (250) 1 RVR 50\nLNAV MINIMA TO READ: 620 (607) 1 1/4 \nDIST/ALT TABLE: LAST ALT TO READ 1.7/620 INSTEAD OF 1.0/380\n.\nOPS NOTE: ADD: IF UNABLE TO MEET CLIMB GRADIENT DO NOT DESCEND\nBELOW LNAV MINIMA.\n.\nMISSED APCH CLIMB RATE TABLE VV (FPM) \nGS   90 120 140 160 180 200  250  300 \nFPM 410 540 630 720 810 900 1130 1350\n.\nRNAV (RNP) Y RWY 08L APCH: \nRNP 0.15 MINIMA TO READ: 455 (442) 1 RVR 50 \nRNP 0.30 MINIMA TO READ: 457 (444) 1 RVR 50\n.\nRNAV (GNSS) RWY 26R APCH: \nLPV MINIMA TO READ: 259 (250) 1 RVR 50)",
      "row_index": 20,
      "extraction_time": "2025-10-11T13:39:26.939054+00:00"
    },
    "entry_020_NOTAM\nCYVR": {
      "metadata": "NOTAM\nCYVR",
      "bulletin": "(C4293/25 NOTAMR C3718/25\nA) CYVR B) 2509282258 C) 2510121400\nE) RWY 08L/26R CL LGT U/S)",
      "row_index": 21,
      "extraction_time": "2025-10-11T13:39:26.948553+00:00"
    },
    "entry_021_NOTAM\nCYVR": {
      "metadata": "NOTAM\nCYVR",
      "bulletin": "(C4233/25 NOTAMR C4232/25\nA) CYVR B) 2509251955 C) 2511072305\nE) ACFT WITH WINGSPAN GREATER THAN 36M/118FT CANNOT SAFELY PASS\nBEHIND ACFT HOLDING ON TWY D EAST OF TWY D7.)",
      "row_index": 22,
      "extraction_time": "2025-10-11T13:39:26.958240+00:00"
    },
    "entry_022_NOTAM\nCYVR": {
      "metadata": "NOTAM\nCYVR",
      "bulletin": "(F4663/25 NOTAMR F3212/25\nA) CYVR B) 2509251612 C) 2512192359EST\nE) VANCOUVER TWR FREQ 125.65MHZ U/S. USE 124.025MHZ)",
      "row_index": 23,
      "extraction_time": "2025-10-11T13:39:26.968153+00:00"
    },
    "entry_023_NOTAM\nCYVR": {
      "metadata": "NOTAM\nCYVR",
      "bulletin": "(C4166/25 NOTAMR C3462/25\nA) CYVR B) 2509221320 C) 2512231300EST\nE) RWY 13/31: \nALL INSTR APCH PROC, DEP PROC AND DEP RTE: NOT AUTH)",
      "row_index": 24,
      "extraction_time": "2025-10-11T13:39:26.977644+00:00"
    },
    "entry_024_NOTAM\nCYVR": {
      "metadata": "NOTAM\nCYVR",
      "bulletin": "(C4150/25 NOTAMR C2437/25\nA) CYVR B) 2509211547 C) 2512191600EST\nE) RNAV (GNSS) RWY 26R APCH: \nLNAV/VNAV MINIMA TO READ: 687 (678) 1 3/4)",
      "row_index": 25,
      "extraction_time": "2025-10-11T13:39:26.988058+00:00"
    },
    "entry_025_NOTAM\nCYVR": {
      "metadata": "NOTAM\nCYVR",
      "bulletin": "(C3856/25 NOTAMN\nA) CYVR B) 2509081300 C) 2512060000\nD) SEP 08-NOV 01 1300-2300 ,  NOV 02-DEC 05 1400-0000 \nE) MOBILE CRANES WITHIN 483FT RADIUS CENTRED ON 491107N 1230838W \nAPRX 3850FT BFR DTHR 26L AND 890FT NORTH EXTENDED RCL. 92FT AGL \n103FT AMSL. LGTD, NOT PAINTED.)",
      "row_index": 26,
      "extraction_time": "2025-10-11T13:39:26.997977+00:00"
    },
    "entry_026_NOTAM\nCYVR": {
      "metadata": "NOTAM\nCYVR",
      "bulletin": "(C3847/25 NOTAMN\nA) CYVR B) 2509061300 C) 2512051300EST\nE) MULTIPLE CRANES WITHIN 470FT RADIUS CENTRED ON 491105N 1230840W \nAPRX 3760FT BFR DTHR 26L AND 670FT NORTH EXTENDED RCL. 91FT AGL \n93FT AMSL. LGTD, PAINTED.)",
      "row_index": 27,
      "extraction_time": "2025-10-11T13:39:27.007798+00:00"
    },
    "entry_027_NOTAM\nCYVR": {
      "metadata": "NOTAM\nCYVR",
      "bulletin": "(C3609/25 NOTAMN\nA) CYVR B) 2508261331 C) 2510312359EST\nE) MULTIPLE CRANES WITHIN 251FT RADIUS CENTRED ON 491347N 1230824W \nAPRX 2900FT BFR THR 26R AND 1.9NM NORTH EXTENDED RCL. 321FT AGL \n600FT AMSL. NOT LGTD, NOT PAINTED.)",
      "row_index": 28,
      "extraction_time": "2025-10-11T13:39:27.017485+00:00"
    },
    "entry_028_NOTAM\nCYVR": {
      "metadata": "NOTAM\nCYVR",
      "bulletin": "(C3359/25 NOTAMN\nA) CYVR B) 2508121755 C) PERM\nE) AMEND PUBLICATIONS: MULTIPLE BUILDINGS WITHIN 670FT RADIUS \nCENTRED ON 491356N 1230706W APRX 1.3NM BFR THR 26R AND 2.2NM \nNORTH EXTENDED RCL. 450FT AGL 752FT AMSL. NOT LGTD, PAINTED.)",
      "row_index": 29,
      "extraction_time": "2025-10-11T13:39:27.027089+00:00"
    },
    "entry_029_NOTAM\nCYVR": {
      "metadata": "NOTAM\nCYVR",
      "bulletin": "(C3202/25 NOTAMR C1707/25\nA) CYVR B) 2508051924 C) 2511032000EST\nE) DUE TO REDUCED SYSTEM CAPACITY\nALL VFR ACFT DESTINED FOR CYVR EXCLUDING CAM9 AND HELI TFC, \nARE REQUIRED TO CTC YVR ACC (1-800-668-1333)\nBTN 30-90MIN PRIOR TO DEP FOR AN APPROVED ARR TIME)",
      "row_index": 30,
      "extraction_time": "2025-10-11T13:39:27.037105+00:00"
    },
    "entry_030_NOTAM\nCYVR": {
      "metadata": "NOTAM\nCYVR",
      "bulletin": "(F3362/25 NOTAMR F1277/25\nA) CYVR B) 2507251539 C) 2510242359\nE) VANCOUVER CENTRE DEP FREQ 363.8MHZ U/S)",
      "row_index": 31,
      "extraction_time": "2025-10-11T13:39:27.047499+00:00"
    },
    "entry_031_NOTAM\nCYVR": {
      "metadata": "NOTAM\nCYVR",
      "bulletin": "(C3006/25 NOTAMR C1553/25\nA) CYVR B) 2507251418 C) 2510242359EST\nE) VANCOUVER DME IMK 111.1MHZ/CH48X U/S)",
      "row_index": 32,
      "extraction_time": "2025-10-11T13:39:27.057995+00:00"
    },
    "entry_032_NOTAM\nCYVR": {
      "metadata": "NOTAM\nCYVR",
      "bulletin": "(C3005/25 NOTAMR C1552/25\nA) CYVR B) 2507251417 C) 2510242359EST\nE) ILS RWY 13 U/S)",
      "row_index": 33,
      "extraction_time": "2025-10-11T13:39:27.070287+00:00"
    },
    "entry_033_NOTAM\nCYVR": {
      "metadata": "NOTAM\nCYVR",
      "bulletin": "(C2053/25 NOTAMN\nA) CYVR B) 2506031415 C) PERM\nE) AMEND PUBLICATIONS: MULTIPLE BUILDINGS WITHIN 210FT RADIUS \nCENTRED ON 491231N 1230711W APRX 1.5NM BFR THR 26R AND 4560FT \nNORTH EXTENDED RCL. 352FT AGL 394FT AMSL. NOT LGTD, NOT PAINTED.)",
      "row_index": 34,
      "extraction_time": "2025-10-11T13:39:27.079666+00:00"
    },
    "entry_034_NOTAM\nCYYJ_(CYVR)": {
      "metadata": "NOTAM\nCYYJ (CYVR)",
      "bulletin": "(F4973/25 NOTAMN\nA) CYYJ B) 2510111400 C) 2510130200\nD) DAILY 1400-0200\nE) DUE TO REDUCED SYSTEM CAPACITY: \nLIMITATIONS IN EFFECT WITHIN VICTORIA (CYYJ) TERMINAL CTA \nCLASS C AIRSPACE: VFR ACFT PLANNING TO OPR ABV 2500FT AMSL\nEXP ALTERNATE RTE AND/OR ALT.)",
      "row_index": 35,
      "extraction_time": "2025-10-11T13:39:27.089361+00:00"
    },
    "entry_035_NOTAM\nCYVR": {
      "metadata": "NOTAM\nCYVR",
      "bulletin": "(F4969/25 NOTAMN\nA) CZVR B) 2510102231 C) 2510112359\nE) VANCOUVER (SEA ISLAND) PSR U/S. \nFLT WITHIN RADIUS 80NM CENTRE 491152N 1231218W \nWILL NOT BE PROVIDED NON-TRANSPONDER EQUIPPED ACFT TFC INFO)",
      "row_index": 36,
      "extraction_time": "2025-10-11T13:39:27.099214+00:00"
    },
    "entry_036_NOTAM\nCYVR\nCYYC": {
      "metadata": "NOTAM\nCYVR\nCYYC",
      "bulletin": "(F4966/25 NOTAMR F4653/25\nA) CZVR CZEG B) 2510102025 C) 2510242359EST\nE) VANCOUVER CENTRE PERIPHERAL STATION (PAL) 381.9MHZ AT\nENDERBY U/S.)",
      "row_index": 37,
      "extraction_time": "2025-10-11T13:39:27.108762+00:00"
    },
    "entry_037_NOTAM\nCYDC_(CYVR)": {
      "metadata": "NOTAM\nCYDC (CYVR)",
      "bulletin": "(F4862/25 NOTAMR F4791/25\nA) CYDC B) 2510061657 C) 2510172359EST\nE) VANCOUVER CENTRE PERIPHERAL STATION (PAL) \n135.0MHZ AT PRINCETON U/S)",
      "row_index": 38,
      "extraction_time": "2025-10-11T13:39:27.118742+00:00"
    },
    "entry_038_NOTAM\nCYDC_(CYVR)": {
      "metadata": "NOTAM\nCYDC (CYVR)",
      "bulletin": "(F4863/25 NOTAMR F4793/25\nA) CYDC B) 2510061657 C) 2510172359EST\nE) VANCOUVER CENTRE PERIPHERAL STATION (PAL) \n351.3MHZ AT PRINCETON U/S)",
      "row_index": 39,
      "extraction_time": "2025-10-11T13:39:27.128880+00:00"
    },
    "entry_039_NOTAM\nCYVR\nCYYC": {
      "metadata": "NOTAM\nCYVR\nCYYC",
      "bulletin": "(F4036/25 NOTAMR F1996/25\nA) CZVR CZEG B) 2508261734 C) 2511261600EST\nE) ALL ACFT, REGARDLESS OF THE STATE OF REGISTRY, DIRECTLY OR \nINDIRECTLY OWNED, CHARTERED, LEASED, OPERATED OR OTHERWISE \nCONTROLLED BY A PERSON CONNECTED WITH EITHER THE RUSSIAN \nFEDERATION OR OF BELARUS OR BY A CORPORATION OR ENTITY THAT IS \nINCORPORATED OR FORMED UNDER THE LAWS OF THE RUSSIAN FEDERATION \nOR BELARUS, AND ALL OPERATORS HOLDING AN AIR OPERATOR CERTIFICATE \n(AOC) ISSUED BY RUSSIAN FEDERATION AND/OR BELARUSIAN AUTHORITIES \nARE PROHIBITED TO ENTER, EXIT OR OVERFLY CANADA'S TERRITORIAL \nAIRSPACE (INCLUDING FLT WITHIN 12NM OF CANADA'S COASTS). \nEXCEPTIONS PERMITTED FOR ACFT EXPERIENCING INFLIGHT EMERG. \n\nALL AUTH OBTAINED PRIOR TO 27 FEB 2022 FOR ACFT AND OPS SUBJECT \nTO THIS NOTAM ARE REVOKED.\n\nHUMANITARIAN, SAR, MEDEVAC AND ANY OTHER FLT SEEKING AN EXCEPTION \nTO THIS RESTRICTION MUST RECEIVE AUTH GRANTED AFTER 27 FEB 2022 \nFM THE MINISTER OF TRANSPORT TO OPERATE IN CANADA'S TERRITORIAL \nAIRSPACE.  AFFECTED ACFT WISHING TO OBTAIN SUCH AN AUTH OR CLR \nINTO CANADA'S TERRITORIAL AIRSPACE MAY APPLY TO THE MINISTER OF \nTRANSPORT AT 1-877-992-6853 OR 1-613-992-6853 OR BY EMAIL AT \nOPERATIONS.AVIATION(AT)TC.GC.CA.)",
      "row_index": 40,
      "extraction_time": "2025-10-11T13:39:27.138842+00:00"
    },
    "entry_040_NOTAM\nCYVR\nCYYC": {
      "metadata": "NOTAM\nCYVR\nCYYC",
      "bulletin": "(F3357/25 NOTAMR F1275/25\nA) CZEG CZVR B) 2507251455 C) 2510251400EST\nE) AIRSPACE SECURITY WARNING ISSUED BY THE DEPARTMENT OF TRANSPORT \nIN RESPONSE TO THE SECURITY SITUATION IN THE DEMOCRATIC REPUBLIC \nOF CONGO. CANADIAN AIR OPERATORS AND OWNERS OF AIRCRAFT \nREGISTERED IN CANADA ARE RECOMMENDED TO MAINTAIN A FLIGHT LEVEL \nAT OR ABOVE FL260 WITHIN THE AREA BOUNDED BY 010000N 0302800E - \n010000N 0253000E - 050000S 0253000E - 050000S 0292200E - \n010000N 0302800E IN FIR KINSHASA (FZZA) DUE TO RISK FROM \nANTI-AIRCRAFT WEAPONRY.)",
      "row_index": 41,
      "extraction_time": "2025-10-11T13:39:27.149685+00:00"
    },
    "entry_041_NOTAM\nCBK4_(Near_CYVR)": {
      "metadata": "NOTAM\nCBK4 (Near CYVR)",
      "bulletin": "(I5191/25 NOTAMR I5121/25\nA) CXXX B) 2510081531 C) 2511010000EST\nE) CBK4 VANCOUVER (GEN HOSPITAL) (HELI)\nHELIPORT CLSD)",
      "row_index": 42,
      "extraction_time": "2025-10-11T13:39:27.159378+00:00"
    },
    "entry_042_NOTAM\nCBK4_(Near_CYVR)": {
      "metadata": "NOTAM\nCBK4 (Near CYVR)",
      "bulletin": "(C2918/25 NOTAMR C1426/25\nA) CXXX B) 2507211826 C) 2510171700EST\nE) CBK4 VANCOUVER (GEN HOSPITAL) (HELI)\nTOWER 491544N 1230726W (APRX 200FT NNE AD). \n118FT AGL 263FT AMSL. LGTD, PAINTED)",
      "row_index": 43,
      "extraction_time": "2025-10-11T13:39:27.169902+00:00"
    },
    "entry_043_NOTAM\nCYYC": {
      "metadata": "NOTAM\nCYYC",
      "bulletin": "(F4976/25 NOTAMN\nA) CYYC B) 2510111300 C) 2510112100\nE) DUE TO REDUCED SYSTEM CAPACITY:\nVFR ITINERANT FLT, VFR TRAINING FLT, CITY TOUR FLT, PHOTO FLT, \nMETER READING FLT, PIPELINE PATROL FLT, PARADROP FLT \nMAY BE DLA OR DENIED ENTRY IN CALGARY CLASS C AIRSPACE. \nIFR TRAINING FLT MAY BE DLA OR DENIED.\nINFO CTC EDMONTON OPS DUTY MANAGER 780-890-8397)",
      "row_index": 44,
      "extraction_time": "2025-10-11T13:39:27.180098+00:00"
    },
    "entry_044_NOTAM\nCYYC": {
      "metadata": "NOTAM\nCYYC",
      "bulletin": "(S4376/25 NOTAMR S4360/25\nA) CYYC B) 2510110940 C) 2510111740\nE) RSC 11 6/6/6 DRY, DRY, DRY. VALID OCT 11 0937 - OCT 11 1737.\n\nRSC 29 6/6/6 DRY, DRY, DRY. VALID OCT 11 0937 - OCT 11 1737.\n\nRSC 17L 6/6/6 DRY, DRY, DRY. VALID OCT 11 0933 - OCT 11 1733.\n\nRSC 35R 6/6/6 DRY, DRY, DRY. VALID OCT 11 0933 - OCT 11 1733.\n\nADDN NON-GRF/TALPA INFO:\nCRFI 11 NR/NR/NR.\nCRFI 29 NR/NR/NR.\nCRFI 17L NR/NR/NR.\nCRFI 35R NR/NR/NR.)",
      "row_index": 45,
      "extraction_time": "2025-10-11T13:39:27.190004+00:00"
    },
    "entry_045_NOTAM\nCYYC": {
      "metadata": "NOTAM\nCYYC",
      "bulletin": "(C4508/25 NOTAMN\nA) CYYC B) 2510151500 C) 2510162300\nE) MOBILE CRANES WITHIN 418FT RADIUS CENTRED ON 510716N 1140200W \nAPRX 1630FT BEYOND THR 11 AND 1420FT SOUTH RCL. 150FT AGL 3683FT \nAMSL. LGTD, NOT PAINTED.)",
      "row_index": 46,
      "extraction_time": "2025-10-11T13:39:27.199908+00:00"
    },
    "entry_046_NOTAM\nCYYC": {
      "metadata": "NOTAM\nCYYC",
      "bulletin": "(C4472/25 NOTAMR C3299/25\nA) CYYC B) 2510082007 C) 2512022355EST\nE) ILS RWY 17R AND RWY 35L U/S)",
      "row_index": 47,
      "extraction_time": "2025-10-11T13:39:27.209200+00:00"
    },
    "entry_047_NOTAM\nCYYC": {
      "metadata": "NOTAM\nCYYC",
      "bulletin": "(C4468/25 NOTAMR C4467/25\nA) CYYC B) 2510081412 C) 2512010100\nD) MON-FRI 1300-0100\nE) MOBILE CRANE WITHIN 130FT RADIUS CENTRED ON 510745N 1135759W APRX \n1.1NM BEYOND THR 35R AND 5480FT EAST RCL. 130FT AGL 3736FT AMSL. \nLGTD, NOT PAINTED.)",
      "row_index": 48,
      "extraction_time": "2025-10-11T13:39:27.219136+00:00"
    },
    "entry_048_NOTAM\nCYYC": {
      "metadata": "NOTAM\nCYYC",
      "bulletin": "(C4379/25 NOTAMR C2682/25\nA) CYYC B) 2510031229 C) 2510310200EST\nD) DAILY 1200-0200\nE) MOBILE CRANE WITHIN 571FT RADIUS CENTRED ON 510747N 1140045W APRX \n600FT BEYOND THR 17R AND 2020FT EAST RCL. 124FT AGL 3681FT AMSL. \nLGTD, NOT PAINTED.)",
      "row_index": 49,
      "extraction_time": "2025-10-11T13:39:27.229836+00:00"
    },
    "entry_049_NOTAM\nCYYC": {
      "metadata": "NOTAM\nCYYC",
      "bulletin": "(C4225/25 NOTAMN\nA) CYYC B) 2509291300 C) 2510312300\nD) DAILY 1300-2300\nE) MOBILE CRANE WITHIN 90FT RADIUS CENTRED ON 511006N 1135926W APRX \n1.2NM BFR THR 17L AND 70FT WEST EXTENDED RCL. 140FT AGL 3717FT \nAMSL. NOT LGTD, NOT PAINTED.)",
      "row_index": 50,
      "extraction_time": "2025-10-11T13:39:27.238729+00:00"
    },
    "entry_050_NOTAM\nCYYC": {
      "metadata": "NOTAM\nCYYC",
      "bulletin": "(C4175/25 NOTAMR C2502/25\nA) CYYC B) 2509222058 C) 2512010200\nE) MOBILE CRANE WITHIN 500FT RADIUS CENTRED ON 510613N 1140117W APRX \n2540FT BEYOND THR 35L AND 10FT WEST RCL. 115FT AGL 3655FT AMSL. \nLGTD.)",
      "row_index": 51,
      "extraction_time": "2025-10-11T13:39:27.247396+00:00"
    },
    "entry_051_NOTAM\nCYYC": {
      "metadata": "NOTAM\nCYYC",
      "bulletin": "(C4174/25 NOTAMR C2504/25\nA) CYYC B) 2509222056 C) 2512010200\nE) MOBILE CRANE WITHIN 2535FT RADIUS CENTRED ON 510755N 1140117W \nAPRX 210FT BFR THR 17R AND 20FT WEST EXTENDED RCL. 115FT AGL \n3655FT AMSL. LGTD.)",
      "row_index": 52,
      "extraction_time": "2025-10-11T13:39:27.256815+00:00"
    },
    "entry_052_NOTAM\nCYYC": {
      "metadata": "NOTAM\nCYYC",
      "bulletin": "(C4167/25 NOTAMR C3636/25\nA) CYYC B) 2509221346 C) 2512022355EST\nE) DUE RWY 17R/35L CLSD: \n. \nILS RWY 17R APCH: ALL MINIMA: NOT AUTH EXC HEL VISUAL\nMANOEUVRING TO APN.\n. \nILS RWY 35L APCH: ALL MINIMA: NOT AUTH EXC HEL VISUAL\nMANOEUVRING TO APN. \n. \nRNAV (GNSS) Z RWY 17R APCH: ALL MINIMA: NOT AUTH EXC HEL VISUAL\nMANOEUVRING TO APN. \n. \nRNAV (RNP) Y RWY 17R APCH: ALL MINIMA: NOT AUTH EXC HEL VISUAL\nMANOEUVRING TO APN. \n. \nRNAV (GNSS) Z RWY 35L APCH: ALL MINIMA: NOT AUTH EXC HEL VISUAL\nMANOEUVRING TO APN. \n.\nRNAV (RNP) Y RWY 35L APCH: ALL MINIMA: NOT AUTH EXC HEL VISUAL\nMANOEUVRING TO APN.)",
      "row_index": 53,
      "extraction_time": "2025-10-11T13:39:27.265845+00:00"
    },
    "entry_053_NOTAM\nCYYC": {
      "metadata": "NOTAM\nCYYC",
      "bulletin": "(C3911/25 NOTAMR C2818/25\nA) CYYC B) 2509101300 C) 2510310000\nD) DAILY 1300-0000\nE) MAINT CREW AND EQPT APRX 2000FT BFR THR 17L\nAND 700FT EACH SIDE OF EXTENDED RCL\n43FT AGL 3632FT AMSL. NOT LGTD, NOT PAINTED.)",
      "row_index": 54,
      "extraction_time": "2025-10-11T13:39:27.275430+00:00"
    },
    "entry_054_NOTAM\nCYYC": {
      "metadata": "NOTAM\nCYYC",
      "bulletin": "(C3789/25 NOTAMN\nA) CYYC B) 2509031634 C) PERM\nE) AMEND PUBLICATIONS:\nSTAR (RNAV) TIDUK SEVEN ARR: \nEBGAL TO TIDUK TO PIDLA: ALT TO READ: MOCA 6000)",
      "row_index": 55,
      "extraction_time": "2025-10-11T13:39:27.284561+00:00"
    },
    "entry_055_NOTAM\nCYYC": {
      "metadata": "NOTAM\nCYYC",
      "bulletin": "(C3758/25 NOTAMR C3329/25\nA) CYYC B) 2509021228 C) 2512022355\nE) TWY L BTN TWY A AND TWY C CLSD.)",
      "row_index": 56,
      "extraction_time": "2025-10-11T13:39:27.293380+00:00"
    },
    "entry_056_NOTAM\nCYYC": {
      "metadata": "NOTAM\nCYYC",
      "bulletin": "(C3757/25 NOTAMR C3276/25\nA) CYYC B) 2509021227 C) 2512022355\nE) TWY C1 BTN RWY 17R/35L AND TWY C,\n TWY C3 BTN RWY 17R/35L AND TWY C CLSD.)",
      "row_index": 57,
      "extraction_time": "2025-10-11T13:39:27.302380+00:00"
    },
    "entry_057_NOTAM\nCYYC": {
      "metadata": "NOTAM\nCYYC",
      "bulletin": "(C3755/25 NOTAMR C3272/25\nA) CYYC B) 2509021226 C) 2512022355\nE) RWY 17R/35L CLSD.)",
      "row_index": 58,
      "extraction_time": "2025-10-11T13:39:27.311215+00:00"
    },
    "entry_058_NOTAM\nCYYC": {
      "metadata": "NOTAM\nCYYC",
      "bulletin": "(C3756/25 NOTAMR C3275/25\nA) CYYC B) 2509021226 C) 2512022355\nE) TWY A1, TWY A3, TWY C2 AND TWY C4 CLSD.)",
      "row_index": 59,
      "extraction_time": "2025-10-11T13:39:27.320205+00:00"
    },
    "entry_059_NOTAM\nCYYC": {
      "metadata": "NOTAM\nCYYC",
      "bulletin": "(R0817/25 NOTAMN\nA) CYYC B) 2507242306 C) 2510242200\nE) OBST LGT U/S TOWERS 510746N 1140045W\n(MAIN TERMINAL CONCOURSE B, APRX 700FT BEYOND THR 17R AND \n2020FT EAST RCL) \n179FT AGL 3710FT AMSL)",
      "row_index": 60,
      "extraction_time": "2025-10-11T13:39:27.328829+00:00"
    },
    "entry_060_NOTAM\nCYYC": {
      "metadata": "NOTAM\nCYYC",
      "bulletin": "(C1983/25 NOTAMN\nA) CYYC B) 2505310700 C) PERM\nE) AMEND PUBLICATIONS: NEW BUILDING 510300N 1140421W (APRX 4.3NM SSW \nAD (CYYC)). 369FT AGL 3814FT AMSL. LGTD, NOT PAINTED.)",
      "row_index": 61,
      "extraction_time": "2025-10-11T13:39:27.337639+00:00"
    }
  },
  "extraction_summary": {
    "total_entries": 61,
    "stations_found": [
      "CYVR",
      "CYYC"
    ],
    "extraction_time": "2025-10-11T13:39:23.675522+00:00"
  }
}