{
  "session_info": {
    "timestamp": "2025-10-12T18:00:11.908149+00:00",
    "stations_requested": [
      "CYVR",
      "CYYC"
    ],
    "source": "Nav Canada Weather Recall",
    "extraction_method": "optimized_structure"
  },
  "weather_data": {
    "METAR": {
      "CYVR": [
        {
          "bulletin": "METAR CYVR 121700Z 12007KT 15SM BKN038 OVC059 10/07 A2982 RMK SC5SC3 SLP100=",
          "row_index": 1,
          "extraction_time": "2025-10-12T18:00:11.179407+00:00"
        }
      ],
      "CYYC": [
        {
          "bulletin": "SPECI CYYC 121736Z 34015KT 2 1/2SM -SN BR BKN018 OVC036 M00/M04 A2995 RMK SC5SC3 SLP192=",
          "row_index": 2,
          "extraction_time": "2025-10-12T18:00:11.192489+00:00"
        }
      ]
    },
    "TAF": {
      "CYVR": [
        {
          "bulletin": "TAF CYVR 121740Z\n1218/1324 10008KT P6SM SCT030 BKN050\n  TEMPO 1218/1221 5SM −SHRA BR BKN020\n  BECMG 1219/1221 31012KT\nFM122100 31012KT P6SM BKN060\n  TEMPO 1221/1224 P6SM −SHRA\nFM130000 31012KT P6SM BKN080\n  TEMPO 1300/1303 SCT090\nFM130300 36010KT P6SM SCT090\nFM131500 36010KT P6SM SKC\n  BECMG 1316/1318 30010KT\nRMK NXT FCST BY 122100Z=",
          "row_index": 3,
          "extraction_time": "2025-10-12T18:00:11.203395+00:00"
        }
      ],
      "CYYC": [
        {
          "bulletin": "TAF CYYC 121740Z\n1218/1318 35012G22KT P6SM SCT015 BKN030 OVC100\n  TEMPO 1218/1222 4SM −SN BR OVC015\nFM122200 36010KT P6SM BKN030\nFM130600 36008KT P6SM BKN030 OVC120\n  TEMPO 1306/1310 P6SM −SN BKN020 OVC120\nFM131000 36005KT P6SM SCT008 BKN025 OVC120\n  TEMPO 1310/1316 5SM −SN BR BKN008 BKN020 OVC120\nFM131600 16005KT P6SM BKN025\n  TEMPO 1316/1318 BKN020\nRMK NXT FCST BY 122100Z=",
          "row_index": 4,
          "extraction_time": "2025-10-12T18:00:11.217281+00:00"
        }
      ]
    },
    "Upper_Wind": [
      {
        "bulletin": "VALID 131200Z FOR USE 06-18\n          3000    |    6000    |    9000    |   12000    |   18000    |   24000    |   30000    |   34000    |   39000    |   45000    |   53000    \nYVR     50 18     |  70 30 -2  |  80 14 -7  | 50 19 -13  | 50 17 -26  | 30 57 -32  | 30 118 -39 | 30 114 -45 | 20 80 -48  | 20 60 -53  | 10 18 -56  \nYYC               | 350 8 -10  |    0 -14   | 220 6 -16  | 250 12 -28 | 240 33 -39 | 240 39 -49 | 260 17 -46 | 300 8 -47  | 350 8 -49  | 300 6 -51  \n\nVALID 130000Z FOR USE 21-06\n          3000    |    6000    |    9000    |   12000    |   18000    |   24000    |   30000    |   34000    |   39000    |   45000    |   53000    \nYVR     40 13     |  70 24 -4  | 90 21 -10  |    0 -15   | 80 13 -30  |    0 -38   | 360 33 -40 | 360 39 -41 | 360 43 -44 | 360 40 -49 | 350 24 -54 \nYYC               | 360 13 -8  | 10 17 -14  | 320 10 -18 | 260 27 -29 | 240 43 -40 | 250 59 -50 | 250 32 -48 | 240 18 -47 | 250 9 -47  | 240 9 -50  \n\nVALID 121800Z FOR USE 14-21\n          3000    |    6000    |    9000    |   12000    |   18000    |   24000    |   30000    |   34000    |   39000    |   45000    |   53000    \nYVR     90 23     | 100 14 -4  |  210 5 -9  | 270 6 -15  | 300 13 -29 | 280 21 -38 | 320 30 -43 | 340 38 -43 | 340 35 -45 | 340 35 -50 | 360 18 -53 \nYYC               | 350 21 -8  | 350 18 -14 | 280 8 -18  | 270 23 -30 | 260 35 -39 | 250 33 -49 | 220 27 -46 | 220 21 -47 | 230 19 -47 | 220 15 -51",
        "row_index": 5,
        "extraction_time": "2025-10-12T18:00:11.229312+00:00"
      }
    ],
    "NOTAM": {
      "CYVR": [
        {
          "bulletin": "(S4492/25 NOTAMR S4473/25\nA) CYVR B) 2510121701 C) 2510130101\nE) RSC 08L 5/5/5 100 PCT WET, 100 PCT WET, 100 PCT WET. VALID OCT 12 \n1648 - OCT 13 0048.\n\nRSC 26R 5/5/5 100 PCT WET, 100 PCT WET, 100 PCT WET. VALID OCT 12 \n1648 - OCT 13 0048.\n\nRSC 08R 5/5/6 50 PCT WET, 50 PCT WET, 20 PCT WET. VALID OCT 12 \n1700 - OCT 13 0100.\n\nRSC 26L 6/5/5 20 PCT WET, 50 PCT WET, 50 PCT WET. VALID OCT 12 \n1700 - OCT 13 0100.\n\nADDN NON-GRF/TALPA INFO:)",
          "row_index": 6,
          "extraction_time": "2025-10-12T18:00:11.241843+00:00"
        },
        {
          "bulletin": "(C4546/25 NOTAMR C4293/25\nA) CYVR B) 2510121349 C) 2510181400\nE) RWY 08L/26R CL LGT U/S)",
          "row_index": 7,
          "extraction_time": "2025-10-12T18:00:11.253406+00:00"
        },
        {
          "bulletin": "(F4983/25 NOTAMN\nA) CYVR B) 2510121331 C) 2510130200\nE) DUE TO REDUCED SYSTEM CAPACITY: \nLIMITATIONS IN EFFECT WITHIN VANCOUVER (CYVR) CTL ZONE CLASS\nC AND D AIRSPACE: VFR ACFT EXP DLA UP TO 15MIN OR RESTRICTIONS.)",
          "row_index": 8,
          "extraction_time": "2025-10-12T18:00:11.266316+00:00"
        },
        {
          "bulletin": "(F4972/25 NOTAMN\nA) CYVR B) 2510111400 C) 2510130200\nD) DAILY 1400-0200\nE) DUE TO REDUCED SYSTEM CAPACITY: LIMITATIONS IN EFFECT WITHIN\nVANCOUVER (CYVR) TERMINAL CTA CLASS C AIRSPACE: \nVFR ACFT PLANNING TO OPR ABV 2500FT AMSL EXP ALTERNATE RTE\nAND/OR ALT)",
          "row_index": 9,
          "extraction_time": "2025-10-12T18:00:11.278012+00:00"
        },
        {
          "bulletin": "(C4501/25 NOTAMR C4375/25\nA) CYVR B) 2510100232 C) 2510180645\nE) ALS 08L AND 26R U/S. APPLY PROC FOR HIGH INTST APCH LGT \nINOPERATIVE (AIP AD 2.22.4)",
          "row_index": 10,
          "extraction_time": "2025-10-12T18:00:11.291230+00:00"
        },
        {
          "bulletin": "(C4500/25 NOTAMR C4376/25\nA) CYVR B) 2510100220 C) 2510180645\nE) LOW VIS PROC RWY 08L/26R NOT AUTH. SFC GUIDANCE AND CTL U/S)",
          "row_index": 11,
          "extraction_time": "2025-10-12T18:00:11.303972+00:00"
        },
        {
          "bulletin": "(C4499/25 NOTAMR C4373/25\nA) CYVR B) 2510100217 C) 2510180645\nE) RWY 08L/26R TDZ LGT U/S)",
          "row_index": 12,
          "extraction_time": "2025-10-12T18:00:11.316998+00:00"
        },
        {
          "bulletin": "(C4497/25 NOTAMR C4292/25\nA) CYVR B) 2510100216 C) 2510180645\nE) RWY 08L/26R CERTIFIED NON-PRECISION ONLY DUE CONST)",
          "row_index": 13,
          "extraction_time": "2025-10-12T18:00:11.328446+00:00"
        },
        {
          "bulletin": "(C4498/25 NOTAMR C4291/25\nA) CYVR B) 2510100216 C) 2510180645\nE) RWY 08L/26R ARR NOT AUTH BLW RVR 5000FT)",
          "row_index": 14,
          "extraction_time": "2025-10-12T18:00:11.341055+00:00"
        },
        {
          "bulletin": "(C4496/25 NOTAMR C4377/25\nA) CYVR B) 2510100214 C) 2510180645\nE) TKOF RWY 08L/26R NOT AUTH WHEN RVR BLW 1200FT)",
          "row_index": 15,
          "extraction_time": "2025-10-12T18:00:11.354818+00:00"
        },
        {
          "bulletin": "(C4491/25 NOTAMR C4455/25\nA) CYVR B) 2510092238 C) 2510172359EST\nE) ILS CAT II AND III APCH RWY 08L AND 26R NOT AUTH, \nDUE RWY LGT U/S)",
          "row_index": 16,
          "extraction_time": "2025-10-12T18:00:11.367650+00:00"
        },
        {
          "bulletin": "(C4450/25 NOTAMN\nA) CYVR B) 2510091500 C) 2510130100\nE) MOBILE CRANE WITHIN 360FT RADIUS CENTRED ON 490900N 1231012W APRX \n1.9NM BFR THR 31 AND 5430FT SW EXTENDED RCL. 140FT AGL 143FT \nAMSL. LGTD, PAINTED.)",
          "row_index": 17,
          "extraction_time": "2025-10-12T18:00:11.379237+00:00"
        },
        {
          "bulletin": "(C4417/25 NOTAMR C4411/25\nA) CYVR B) 2510051220 C) 2512071400\nE) RWY 13/31 CLSD AVBL AS TWY \nTHR 31 HEL TKOF/LDG AUTH.)",
          "row_index": 18,
          "extraction_time": "2025-10-12T18:00:11.390893+00:00"
        },
        {
          "bulletin": "(C4413/25 NOTAMR C4412/25\nA) CYVR B) 2510051002 C) 2511281400\nE) TWY A BTN TWY AR AND TWY A5 CLSD.)",
          "row_index": 19,
          "extraction_time": "2025-10-12T18:00:11.407036+00:00"
        },
        {
          "bulletin": "(C4390/25 NOTAMR C4155/25\nA) CYVR B) 2510031823 C) 2512192359EST\nE) DUE RWY CONST: \n.\nILS Z RWY 08L APCH:\nMINIMA TO READ :  263 (250) 1 RVR 50\nMISSED APCH INSTR TO READ: REQUIRES A MINIMUM CLIMB GRADIENT OF\n270 FT/NM TO 1200. DO NOT EXCEED 230KT UNTIL SESPI. CLIMBING\nLEFT TURN TO 3000 DIRECT TO SESPI. AS REQUIRED SHUTTLE CLIMB\n.\nLOC/DME AND LOC/RADAR MINIMA TO READ: 520 (507) 1 RVR 50\nDIST/ALT TABLE: LAST ALT TO READ 1.6/520 INSTEAD OF 0.9/300\n.\nILS RWY 26R APCH: \nILS MINIMA TO READ : 259 (250) 1 RVR 50\n.\nRNAV (GNSS) Z RWY 08L APCH: \nMISSED APCH INSTR TO READ: REQUIRES A MINIMUM CLIMB GRADIENT OF\n270 FT/NM TO 1200. DO NOT EXCEED 230KT UNTIL SESPI. CLIMBING\nLEFT TURN TO 3000 DIRECT TO SESPI. AS REQUIRED SHUTTLE CLIMB.\n.\nLPV MINIMA TO READ: 263 (250) 1 RVR 50\nLNAV MINIMA TO READ: 620 (607) 1 1/4 \nDIST/ALT TABLE: LAST ALT TO READ 1.7/620 INSTEAD OF 1.0/380\n.\nOPS NOTE: ADD: IF UNABLE TO MEET CLIMB GRADIENT DO NOT DESCEND\nBELOW LNAV MINIMA.\n.\nMISSED APCH CLIMB RATE TABLE VV (FPM) \nGS   90 120 140 160 180 200  250  300 \nFPM 410 540 630 720 810 900 1130 1350\n.\nRNAV (RNP) Y RWY 08L APCH: \nRNP 0.15 MINIMA TO READ: 455 (442) 1 RVR 50 \nRNP 0.30 MINIMA TO READ: 457 (444) 1 RVR 50\n.\nRNAV (GNSS) RWY 26R APCH: \nLPV MINIMA TO READ: 259 (250) 1 RVR 50)",
          "row_index": 20,
          "extraction_time": "2025-10-12T18:00:11.419770+00:00"
        },
        {
          "bulletin": "(C4233/25 NOTAMR C4232/25\nA) CYVR B) 2509251955 C) 2511072305\nE) ACFT WITH WINGSPAN GREATER THAN 36M/118FT CANNOT SAFELY PASS\nBEHIND ACFT HOLDING ON TWY D EAST OF TWY D7.)",
          "row_index": 21,
          "extraction_time": "2025-10-12T18:00:11.431999+00:00"
        },
        {
          "bulletin": "(F4663/25 NOTAMR F3212/25\nA) CYVR B) 2509251612 C) 2512192359EST\nE) VANCOUVER TWR FREQ 125.65MHZ U/S. USE 124.025MHZ)",
          "row_index": 22,
          "extraction_time": "2025-10-12T18:00:11.442891+00:00"
        },
        {
          "bulletin": "(C4166/25 NOTAMR C3462/25\nA) CYVR B) 2509221320 C) 2512231300EST\nE) RWY 13/31: \nALL INSTR APCH PROC, DEP PROC AND DEP RTE: NOT AUTH)",
          "row_index": 23,
          "extraction_time": "2025-10-12T18:00:11.453444+00:00"
        },
        {
          "bulletin": "(C4150/25 NOTAMR C2437/25\nA) CYVR B) 2509211547 C) 2512191600EST\nE) RNAV (GNSS) RWY 26R APCH: \nLNAV/VNAV MINIMA TO READ: 687 (678) 1 3/4)",
          "row_index": 24,
          "extraction_time": "2025-10-12T18:00:11.464056+00:00"
        },
        {
          "bulletin": "(C3856/25 NOTAMN\nA) CYVR B) 2509081300 C) 2512060000\nD) SEP 08-NOV 01 1300-2300 ,  NOV 02-DEC 05 1400-0000 \nE) MOBILE CRANES WITHIN 483FT RADIUS CENTRED ON 491107N 1230838W \nAPRX 3850FT BFR DTHR 26L AND 890FT NORTH EXTENDED RCL. 92FT AGL \n103FT AMSL. LGTD, NOT PAINTED.)",
          "row_index": 25,
          "extraction_time": "2025-10-12T18:00:11.474898+00:00"
        },
        {
          "bulletin": "(C3847/25 NOTAMN\nA) CYVR B) 2509061300 C) 2512051300EST\nE) MULTIPLE CRANES WITHIN 470FT RADIUS CENTRED ON 491105N 1230840W \nAPRX 3760FT BFR DTHR 26L AND 670FT NORTH EXTENDED RCL. 91FT AGL \n93FT AMSL. LGTD, PAINTED.)",
          "row_index": 26,
          "extraction_time": "2025-10-12T18:00:11.486490+00:00"
        },
        {
          "bulletin": "(C3609/25 NOTAMN\nA) CYVR B) 2508261331 C) 2510312359EST\nE) MULTIPLE CRANES WITHIN 251FT RADIUS CENTRED ON 491347N 1230824W \nAPRX 2900FT BFR THR 26R AND 1.9NM NORTH EXTENDED RCL. 321FT AGL \n600FT AMSL. NOT LGTD, NOT PAINTED.)",
          "row_index": 27,
          "extraction_time": "2025-10-12T18:00:11.497763+00:00"
        },
        {
          "bulletin": "(C3359/25 NOTAMN\nA) CYVR B) 2508121755 C) PERM\nE) AMEND PUBLICATIONS: MULTIPLE BUILDINGS WITHIN 670FT RADIUS \nCENTRED ON 491356N 1230706W APRX 1.3NM BFR THR 26R AND 2.2NM \nNORTH EXTENDED RCL. 450FT AGL 752FT AMSL. NOT LGTD, PAINTED.)",
          "row_index": 28,
          "extraction_time": "2025-10-12T18:00:11.508836+00:00"
        },
        {
          "bulletin": "(C3202/25 NOTAMR C1707/25\nA) CYVR B) 2508051924 C) 2511032000EST\nE) DUE TO REDUCED SYSTEM CAPACITY\nALL VFR ACFT DESTINED FOR CYVR EXCLUDING CAM9 AND HELI TFC, \nARE REQUIRED TO CTC YVR ACC (1-800-668-1333)\nBTN 30-90MIN PRIOR TO DEP FOR AN APPROVED ARR TIME)",
          "row_index": 29,
          "extraction_time": "2025-10-12T18:00:11.519734+00:00"
        },
        {
          "bulletin": "(F3362/25 NOTAMR F1277/25\nA) CYVR B) 2507251539 C) 2510242359\nE) VANCOUVER CENTRE DEP FREQ 363.8MHZ U/S)",
          "row_index": 30,
          "extraction_time": "2025-10-12T18:00:11.531294+00:00"
        },
        {
          "bulletin": "(C3006/25 NOTAMR C1553/25\nA) CYVR B) 2507251418 C) 2510242359EST\nE) VANCOUVER DME IMK 111.1MHZ/CH48X U/S)",
          "row_index": 31,
          "extraction_time": "2025-10-12T18:00:11.542397+00:00"
        },
        {
          "bulletin": "(C3005/25 NOTAMR C1552/25\nA) CYVR B) 2507251417 C) 2510242359EST\nE) ILS RWY 13 U/S)",
          "row_index": 32,
          "extraction_time": "2025-10-12T18:00:11.553944+00:00"
        },
        {
          "bulletin": "(C2053/25 NOTAMN\nA) CYVR B) 2506031415 C) PERM\nE) AMEND PUBLICATIONS: MULTIPLE BUILDINGS WITHIN 210FT RADIUS \nCENTRED ON 491231N 1230711W APRX 1.5NM BFR THR 26R AND 4560FT \nNORTH EXTENDED RCL. 352FT AGL 394FT AMSL. NOT LGTD, NOT PAINTED.)",
          "row_index": 33,
          "extraction_time": "2025-10-12T18:00:11.565377+00:00"
        },
        {
          "bulletin": "(F4981/25 NOTAMR F4969/25\nA) CZVR B) 2510111856 C) 2510132359EST\nE) VANCOUVER (SEA ISLAND) PSR U/S. \nFLT WITHIN RADIUS 80NM CENTRE 491152N 1231218W \nWILL NOT BE PROVIDED NON-TRANSPONDER EQUIPPED ACFT TFC INFO)",
          "row_index": 34,
          "extraction_time": "2025-10-12T18:00:11.576427+00:00"
        },
        {
          "bulletin": "(F4966/25 NOTAMR F4653/25\nA) CZVR CZEG B) 2510102025 C) 2510242359EST\nE) VANCOUVER CENTRE PERIPHERAL STATION (PAL) 381.9MHZ AT\nENDERBY U/S.)",
          "row_index": 36,
          "extraction_time": "2025-10-12T18:00:11.598446+00:00"
        },
        {
          "bulletin": "(F4036/25 NOTAMR F1996/25\nA) CZVR CZEG B) 2508261734 C) 2511261600EST\nE) ALL ACFT, REGARDLESS OF THE STATE OF REGISTRY, DIRECTLY OR \nINDIRECTLY OWNED, CHARTERED, LEASED, OPERATED OR OTHERWISE \nCONTROLLED BY A PERSON CONNECTED WITH EITHER THE RUSSIAN \nFEDERATION OR OF BELARUS OR BY A CORPORATION OR ENTITY THAT IS \nINCORPORATED OR FORMED UNDER THE LAWS OF THE RUSSIAN FEDERATION \nOR BELARUS, AND ALL OPERATORS HOLDING AN AIR OPERATOR CERTIFICATE \n(AOC) ISSUED BY RUSSIAN FEDERATION AND/OR BELARUSIAN AUTHORITIES \nARE PROHIBITED TO ENTER, EXIT OR OVERFLY CANADA'S TERRITORIAL \nAIRSPACE (INCLUDING FLT WITHIN 12NM OF CANADA'S COASTS). \nEXCEPTIONS PERMITTED FOR ACFT EXPERIENCING INFLIGHT EMERG. \n\nALL AUTH OBTAINED PRIOR TO 27 FEB 2022 FOR ACFT AND OPS SUBJECT \nTO THIS NOTAM ARE REVOKED.\n\nHUMANITARIAN, SAR, MEDEVAC AND ANY OTHER FLT SEEKING AN EXCEPTION \nTO THIS RESTRICTION MUST RECEIVE AUTH GRANTED AFTER 27 FEB 2022 \nFM THE MINISTER OF TRANSPORT TO OPERATE IN CANADA'S TERRITORIAL \nAIRSPACE.  AFFECTED ACFT WISHING TO OBTAIN SUCH AN AUTH OR CLR \nINTO CANADA'S TERRITORIAL AIRSPACE MAY APPLY TO THE MINISTER OF \nTRANSPORT AT 1-877-992-6853 OR 1-613-992-6853 OR BY EMAIL AT \nOPERATIONS.AVIATION(AT)TC.GC.CA.)",
          "row_index": 39,
          "extraction_time": "2025-10-12T18:00:11.631985+00:00"
        },
        {
          "bulletin": "(F3357/25 NOTAMR F1275/25\nA) CZEG CZVR B) 2507251455 C) 2510251400EST\nE) AIRSPACE SECURITY WARNING ISSUED BY THE DEPARTMENT OF TRANSPORT \nIN RESPONSE TO THE SECURITY SITUATION IN THE DEMOCRATIC REPUBLIC \nOF CONGO. CANADIAN AIR OPERATORS AND OWNERS OF AIRCRAFT \nREGISTERED IN CANADA ARE RECOMMENDED TO MAINTAIN A FLIGHT LEVEL \nAT OR ABOVE FL260 WITHIN THE AREA BOUNDED BY 010000N 0302800E - \n010000N 0253000E - 050000S 0253000E - 050000S 0292200E - \n010000N 0302800E IN FIR KINSHASA (FZZA) DUE TO RISK FROM \nANTI-AIRCRAFT WEAPONRY.)",
          "row_index": 40,
          "extraction_time": "2025-10-12T18:00:11.643161+00:00"
        }
      ],
      "CYYJ": [
        {
          "bulletin": "(F4973/25 NOTAMN\nA) CYYJ B) 2510111400 C) 2510130200\nD) DAILY 1400-0200\nE) DUE TO REDUCED SYSTEM CAPACITY: \nLIMITATIONS IN EFFECT WITHIN VICTORIA (CYYJ) TERMINAL CTA \nCLASS C AIRSPACE: VFR ACFT PLANNING TO OPR ABV 2500FT AMSL\nEXP ALTERNATE RTE AND/OR ALT.)",
          "row_index": 35,
          "extraction_time": "2025-10-12T18:00:11.587367+00:00"
        }
      ],
      "CYDC": [
        {
          "bulletin": "(F4862/25 NOTAMR F4791/25\nA) CYDC B) 2510061657 C) 2510172359EST\nE) VANCOUVER CENTRE PERIPHERAL STATION (PAL) \n135.0MHZ AT PRINCETON U/S)",
          "row_index": 37,
          "extraction_time": "2025-10-12T18:00:11.609439+00:00"
        },
        {
          "bulletin": "(F4863/25 NOTAMR F4793/25\nA) CYDC B) 2510061657 C) 2510172359EST\nE) VANCOUVER CENTRE PERIPHERAL STATION (PAL) \n351.3MHZ AT PRINCETON U/S)",
          "row_index": 38,
          "extraction_time": "2025-10-12T18:00:11.620678+00:00"
        }
      ],
      "Other": [
        {
          "bulletin": "(I5191/25 NOTAMR I5121/25\nA) CXXX B) 2510081531 C) 2511010000EST\nE) CBK4 VANCOUVER (GEN HOSPITAL) (HELI)\nHELIPORT CLSD)",
          "row_index": 41,
          "extraction_time": "2025-10-12T18:00:11.653823+00:00"
        },
        {
          "bulletin": "(C2918/25 NOTAMR C1426/25\nA) CXXX B) 2507211826 C) 2510171700EST\nE) CBK4 VANCOUVER (GEN HOSPITAL) (HELI)\nTOWER 491544N 1230726W (APRX 200FT NNE AD). \n118FT AGL 263FT AMSL. LGTD, PAINTED)",
          "row_index": 42,
          "extraction_time": "2025-10-12T18:00:11.663687+00:00"
        }
      ],
      "CYYC": [
        {
          "bulletin": "(C4547/25 NOTAMN\nA) CYYC B) 2510141400 C) 2510152300\nD) DAILY 1400-2300\nE) TWY A BTN TWY U AND TWY A3 NOT AVBL TO ACFT WITH WINGSPAN\nGREATER THAN 118FT)",
          "row_index": 43,
          "extraction_time": "2025-10-12T18:00:11.675246+00:00"
        },
        {
          "bulletin": "(S4485/25 NOTAMR S4471/25\nA) CYYC B) 2510121450 C) 2510122250\nE) RSC 11 6/6/6 10 PCT WET, 10 PCT WET, 10 PCT WET. VALID OCT 12 \n1438 - OCT 12 2238.\n\nRSC 29 6/6/6 10 PCT WET, 10 PCT WET, 10 PCT WET. VALID OCT 12 \n1438 - OCT 12 2238.\n\nRSC 17L 6/6/6 DRY, 10 PCT WET, 10 PCT WET. VALID OCT 12 1443 - \nOCT 12 2243.\n\nRSC 35R 6/6/6 10 PCT WET, 10 PCT WET, DRY. VALID OCT 12 1443 - \nOCT 12 2243.\n\nADDN NON-GRF/TALPA INFO:\nCRFI 11 NR/NR/NR.\nCRFI 29 NR/NR/NR.\nCRFI 17L NR/NR/NR.\nCRFI 35R NR/NR/NR.)",
          "row_index": 44,
          "extraction_time": "2025-10-12T18:00:11.686553+00:00"
        },
        {
          "bulletin": "(C4508/25 NOTAMN\nA) CYYC B) 2510151500 C) 2510162300\nE) MOBILE CRANES WITHIN 418FT RADIUS CENTRED ON 510716N 1140200W \nAPRX 1630FT BEYOND THR 11 AND 1420FT SOUTH RCL. 150FT AGL 3683FT \nAMSL. LGTD, NOT PAINTED.)",
          "row_index": 45,
          "extraction_time": "2025-10-12T18:00:11.698800+00:00"
        },
        {
          "bulletin": "(C4472/25 NOTAMR C3299/25\nA) CYYC B) 2510082007 C) 2512022355EST\nE) ILS RWY 17R AND RWY 35L U/S)",
          "row_index": 46,
          "extraction_time": "2025-10-12T18:00:11.711274+00:00"
        },
        {
          "bulletin": "(C4468/25 NOTAMR C4467/25\nA) CYYC B) 2510081412 C) 2512010100\nD) MON-FRI 1300-0100\nE) MOBILE CRANE WITHIN 130FT RADIUS CENTRED ON 510745N 1135759W APRX \n1.1NM BEYOND THR 35R AND 5480FT EAST RCL. 130FT AGL 3736FT AMSL. \nLGTD, NOT PAINTED.)",
          "row_index": 47,
          "extraction_time": "2025-10-12T18:00:11.722346+00:00"
        },
        {
          "bulletin": "(C4379/25 NOTAMR C2682/25\nA) CYYC B) 2510031229 C) 2510310200EST\nD) DAILY 1200-0200\nE) MOBILE CRANE WITHIN 571FT RADIUS CENTRED ON 510747N 1140045W APRX \n600FT BEYOND THR 17R AND 2020FT EAST RCL. 124FT AGL 3681FT AMSL. \nLGTD, NOT PAINTED.)",
          "row_index": 48,
          "extraction_time": "2025-10-12T18:00:11.732281+00:00"
        },
        {
          "bulletin": "(C4225/25 NOTAMN\nA) CYYC B) 2509291300 C) 2510312300\nD) DAILY 1300-2300\nE) MOBILE CRANE WITHIN 90FT RADIUS CENTRED ON 511006N 1135926W APRX \n1.2NM BFR THR 17L AND 70FT WEST EXTENDED RCL. 140FT AGL 3717FT \nAMSL. NOT LGTD, NOT PAINTED.)",
          "row_index": 49,
          "extraction_time": "2025-10-12T18:00:11.743510+00:00"
        },
        {
          "bulletin": "(C4175/25 NOTAMR C2502/25\nA) CYYC B) 2509222058 C) 2512010200\nE) MOBILE CRANE WITHIN 500FT RADIUS CENTRED ON 510613N 1140117W APRX \n2540FT BEYOND THR 35L AND 10FT WEST RCL. 115FT AGL 3655FT AMSL. \nLGTD.)",
          "row_index": 50,
          "extraction_time": "2025-10-12T18:00:11.753809+00:00"
        },
        {
          "bulletin": "(C4174/25 NOTAMR C2504/25\nA) CYYC B) 2509222056 C) 2512010200\nE) MOBILE CRANE WITHIN 2535FT RADIUS CENTRED ON 510755N 1140117W \nAPRX 210FT BFR THR 17R AND 20FT WEST EXTENDED RCL. 115FT AGL \n3655FT AMSL. LGTD.)",
          "row_index": 51,
          "extraction_time": "2025-10-12T18:00:11.763779+00:00"
        },
        {
          "bulletin": "(C4167/25 NOTAMR C3636/25\nA) CYYC B) 2509221346 C) 2512022355EST\nE) DUE RWY 17R/35L CLSD: \n. \nILS RWY 17R APCH: ALL MINIMA: NOT AUTH EXC HEL VISUAL\nMANOEUVRING TO APN.\n. \nILS RWY 35L APCH: ALL MINIMA: NOT AUTH EXC HEL VISUAL\nMANOEUVRING TO APN. \n. \nRNAV (GNSS) Z RWY 17R APCH: ALL MINIMA: NOT AUTH EXC HEL VISUAL\nMANOEUVRING TO APN. \n. \nRNAV (RNP) Y RWY 17R APCH: ALL MINIMA: NOT AUTH EXC HEL VISUAL\nMANOEUVRING TO APN. \n. \nRNAV (GNSS) Z RWY 35L APCH: ALL MINIMA: NOT AUTH EXC HEL VISUAL\nMANOEUVRING TO APN. \n.\nRNAV (RNP) Y RWY 35L APCH: ALL MINIMA: NOT AUTH EXC HEL VISUAL\nMANOEUVRING TO APN.)",
          "row_index": 52,
          "extraction_time": "2025-10-12T18:00:11.773858+00:00"
        },
        {
          "bulletin": "(C3911/25 NOTAMR C2818/25\nA) CYYC B) 2509101300 C) 2510310000\nD) DAILY 1300-0000\nE) MAINT CREW AND EQPT APRX 2000FT BFR THR 17L\nAND 700FT EACH SIDE OF EXTENDED RCL\n43FT AGL 3632FT AMSL. NOT LGTD, NOT PAINTED.)",
          "row_index": 53,
          "extraction_time": "2025-10-12T18:00:11.784309+00:00"
        },
        {
          "bulletin": "(C3789/25 NOTAMN\nA) CYYC B) 2509031634 C) PERM\nE) AMEND PUBLICATIONS:\nSTAR (RNAV) TIDUK SEVEN ARR: \nEBGAL TO TIDUK TO PIDLA: ALT TO READ: MOCA 6000)",
          "row_index": 54,
          "extraction_time": "2025-10-12T18:00:11.794535+00:00"
        },
        {
          "bulletin": "(C3758/25 NOTAMR C3329/25\nA) CYYC B) 2509021228 C) 2512022355\nE) TWY L BTN TWY A AND TWY C CLSD.)",
          "row_index": 55,
          "extraction_time": "2025-10-12T18:00:11.806189+00:00"
        },
        {
          "bulletin": "(C3757/25 NOTAMR C3276/25\nA) CYYC B) 2509021227 C) 2512022355\nE) TWY C1 BTN RWY 17R/35L AND TWY C,\n TWY C3 BTN RWY 17R/35L AND TWY C CLSD.)",
          "row_index": 56,
          "extraction_time": "2025-10-12T18:00:11.817874+00:00"
        },
        {
          "bulletin": "(C3755/25 NOTAMR C3272/25\nA) CYYC B) 2509021226 C) 2512022355\nE) RWY 17R/35L CLSD.)",
          "row_index": 57,
          "extraction_time": "2025-10-12T18:00:11.828691+00:00"
        },
        {
          "bulletin": "(C3756/25 NOTAMR C3275/25\nA) CYYC B) 2509021226 C) 2512022355\nE) TWY A1, TWY A3, TWY C2 AND TWY C4 CLSD.)",
          "row_index": 58,
          "extraction_time": "2025-10-12T18:00:11.839004+00:00"
        },
        {
          "bulletin": "(R0817/25 NOTAMN\nA) CYYC B) 2507242306 C) 2510242200\nE) OBST LGT U/S TOWERS 510746N 1140045W\n(MAIN TERMINAL CONCOURSE B, APRX 700FT BEYOND THR 17R AND \n2020FT EAST RCL) \n179FT AGL 3710FT AMSL)",
          "row_index": 59,
          "extraction_time": "2025-10-12T18:00:11.850780+00:00"
        },
        {
          "bulletin": "(C1983/25 NOTAMN\nA) CYYC B) 2505310700 C) PERM\nE) AMEND PUBLICATIONS: NEW BUILDING 510300N 1140421W (APRX 4.3NM SSW \nAD (CYYC)). 369FT AGL 3814FT AMSL. LGTD, NOT PAINTED.)",
          "row_index": 60,
          "extraction_time": "2025-10-12T18:00:11.862297+00:00"
        },
        {
          "bulletin": "(F4984/25 NOTAMN\nA) CZEG CZVR B) 2510121500 C) 2510122200\nE) DUE TO REDUCED SYSTEM CAPACITY, ALL IFR FLT OPR BTN \nCYYC AND CYLW AD SHALL FLT PLAN FL280 OR BLW. \nFOR INFO CTC CZEG OPS DUTY MANAGER AT 780-890-8397)",
          "row_index": 61,
          "extraction_time": "2025-10-12T18:00:11.874620+00:00"
        }
      ]
    }
  },
  "extraction_summary": {
    "total_entries": 61,
    "metar_records": 2,
    "taf_records": 2,
    "notam_records": 56,
    "upper_wind_records": 1,
    "stations_found": [
      "CYDC",
      "CYVR",
      "CYYC",
      "CYYJ"
    ],
    "extraction_time": "2025-10-12T18:00:11.908168+00:00"
  }
}