{
  "session_info": {
    "timestamp": "2025-10-14T12:16:32.038404+00:00",
    "stations_requested": [
      "CYVR"
    ],
    "source": "Nav Canada Weather Recall",
    "extraction_method": "optimized_structure"
  },
  "weather_data": {
    "METAR": {
      "CYVR": [
        {
          "bulletin": "METAR CYVR 141200Z 00000KT 20SM SKC 04/M01 A3008 RMK SLP188=",
          "row_index": 1,
          "extraction_time": "2025-10-14T12:16:31.626442+00:00"
        }
      ]
    },
    "TAF": {
      "CYVR": [
        {
          "bulletin": "TAF CYVR 141140Z\n1412/1518 VRB03KT P6SM SKC\nFM142000 28010KT P6SM SKC\nFM150500 08005KT P6SM SKC\nRMK NXT FCST BY 141500Z=",
          "row_index": 2,
          "extraction_time": "2025-10-14T12:16:31.638734+00:00"
        }
      ]
    },
    "Upper_Wind": [
      {
        "bulletin": "VALID 150600Z FOR USE 00-12\n          3000    |    6000    |    9000    |   12000    |   18000    |   24000    |   30000    |   34000    |   39000    |   45000    |   53000    \nYVR        0      |     0 +6   |  30 13 +3  |  30 19 0   | 20 34 -10  | 10 42 -24  | 10 39 -39  | 360 39 -47 | 360 35 -56 | 10 18 -63  |  10 5 -63  \n\nVALID 141800Z FOR USE 15-00\n          3000    |    6000    |    9000    |   12000    |   18000    |   24000    |   30000    |   34000    |   39000    |   45000    |   53000    \nYVR      10 5     |  60 10 +5  |  50 18 +1  |  40 29 -2  | 30 47 -10  | 30 61 -23  | 20 65 -38  | 20 65 -47  | 30 56 -56  | 30 43 -62  | 30 12 -63  \n\nVALID 141200Z FOR USE 08-15\n          3000    |    6000    |    9000    |   12000    |   18000    |   24000    |   30000    |   34000    |   39000    |   45000    |   53000    \nYVR        0      |  60 15 +2  |  40 18 -1  |  30 32 -3  | 30 50 -11  | 30 76 -23  | 30 83 -39  | 30 86 -48  | 30 71 -57  | 30 53 -59  | 30 18 -62",
        "row_index": 3,
        "extraction_time": "2025-10-14T12:16:31.652289+00:00"
      }
    ],
    "NOTAM": {
      "CYVR": [
        {
          "bulletin": "(S4611/25 NOTAMR S4595/25\nA) CYVR B) 2510141122 C) 2510141922\nE) RSC 08L 6/6/6 DRY, DRY, DRY. VALID OCT 14 1121 - OCT 14 1921.\n\nRSC 26R 6/6/6 DRY, DRY, DRY. VALID OCT 14 1121 - OCT 14 1921.\n\nRSC 08R 6/6/6 DRY, DRY, DRY. VALID OCT 14 1113 - OCT 14 1913.\n\nRSC 26L 6/6/6 DRY, DRY, DRY. VALID OCT 14 1113 - OCT 14 1913.\n\nADDN NON-GRF/TALPA INFO:)",
          "row_index": 4,
          "extraction_time": "2025-10-14T12:16:31.663361+00:00"
        },
        {
          "bulletin": "(C4548/25 NOTAMN\nA) CYVR B) 2510150500 C) 2510181400\nD) DAILY 0500-1400\nE) RWY 08L/26R CLSD.)",
          "row_index": 5,
          "extraction_time": "2025-10-14T12:16:31.674198+00:00"
        },
        {
          "bulletin": "(C4546/25 NOTAMR C4293/25\nA) CYVR B) 2510121349 C) 2510181400\nE) RWY 08L/26R CL LGT U/S)",
          "row_index": 6,
          "extraction_time": "2025-10-14T12:16:31.684641+00:00"
        },
        {
          "bulletin": "(C4501/25 NOTAMR C4375/25\nA) CYVR B) 2510100232 C) 2510180645\nE) ALS 08L AND 26R U/S. APPLY PROC FOR HIGH INTST APCH LGT \nINOPERATIVE (AIP AD 2.22.4)",
          "row_index": 7,
          "extraction_time": "2025-10-14T12:16:31.695062+00:00"
        },
        {
          "bulletin": "(C4500/25 NOTAMR C4376/25\nA) CYVR B) 2510100220 C) 2510180645\nE) LOW VIS PROC RWY 08L/26R NOT AUTH. SFC GUIDANCE AND CTL U/S)",
          "row_index": 8,
          "extraction_time": "2025-10-14T12:16:31.705442+00:00"
        },
        {
          "bulletin": "(C4499/25 NOTAMR C4373/25\nA) CYVR B) 2510100217 C) 2510180645\nE) RWY 08L/26R TDZ LGT U/S)",
          "row_index": 9,
          "extraction_time": "2025-10-14T12:16:31.716035+00:00"
        },
        {
          "bulletin": "(C4497/25 NOTAMR C4292/25\nA) CYVR B) 2510100216 C) 2510180645\nE) RWY 08L/26R CERTIFIED NON-PRECISION ONLY DUE CONST)",
          "row_index": 10,
          "extraction_time": "2025-10-14T12:16:31.726922+00:00"
        },
        {
          "bulletin": "(C4498/25 NOTAMR C4291/25\nA) CYVR B) 2510100216 C) 2510180645\nE) RWY 08L/26R ARR NOT AUTH BLW RVR 5000FT)",
          "row_index": 11,
          "extraction_time": "2025-10-14T12:16:31.737837+00:00"
        },
        {
          "bulletin": "(C4496/25 NOTAMR C4377/25\nA) CYVR B) 2510100214 C) 2510180645\nE) TKOF RWY 08L/26R NOT AUTH WHEN RVR BLW 1200FT)",
          "row_index": 12,
          "extraction_time": "2025-10-14T12:16:31.748616+00:00"
        },
        {
          "bulletin": "(C4491/25 NOTAMR C4455/25\nA) CYVR B) 2510092238 C) 2510172359EST\nE) ILS CAT II AND III APCH RWY 08L AND 26R NOT AUTH, \nDUE RWY LGT U/S)",
          "row_index": 13,
          "extraction_time": "2025-10-14T12:16:31.759077+00:00"
        },
        {
          "bulletin": "(C4417/25 NOTAMR C4411/25\nA) CYVR B) 2510051220 C) 2512071400\nE) RWY 13/31 CLSD AVBL AS TWY \nTHR 31 HEL TKOF/LDG AUTH.)",
          "row_index": 14,
          "extraction_time": "2025-10-14T12:16:31.769728+00:00"
        },
        {
          "bulletin": "(C4413/25 NOTAMR C4412/25\nA) CYVR B) 2510051002 C) 2511281400\nE) TWY A BTN TWY AR AND TWY A5 CLSD.)",
          "row_index": 15,
          "extraction_time": "2025-10-14T12:16:31.780614+00:00"
        },
        {
          "bulletin": "(C4390/25 NOTAMR C4155/25\nA) CYVR B) 2510031823 C) 2512192359EST\nE) DUE RWY CONST: \n.\nILS Z RWY 08L APCH:\nMINIMA TO READ :  263 (250) 1 RVR 50\nMISSED APCH INSTR TO READ: REQUIRES A MINIMUM CLIMB GRADIENT OF\n270 FT/NM TO 1200. DO NOT EXCEED 230KT UNTIL SESPI. CLIMBING\nLEFT TURN TO 3000 DIRECT TO SESPI. AS REQUIRED SHUTTLE CLIMB\n.\nLOC/DME AND LOC/RADAR MINIMA TO READ: 520 (507) 1 RVR 50\nDIST/ALT TABLE: LAST ALT TO READ 1.6/520 INSTEAD OF 0.9/300\n.\nILS RWY 26R APCH: \nILS MINIMA TO READ : 259 (250) 1 RVR 50\n.\nRNAV (GNSS) Z RWY 08L APCH: \nMISSED APCH INSTR TO READ: REQUIRES A MINIMUM CLIMB GRADIENT OF\n270 FT/NM TO 1200. DO NOT EXCEED 230KT UNTIL SESPI. CLIMBING\nLEFT TURN TO 3000 DIRECT TO SESPI. AS REQUIRED SHUTTLE CLIMB.\n.\nLPV MINIMA TO READ: 263 (250) 1 RVR 50\nLNAV MINIMA TO READ: 620 (607) 1 1/4 \nDIST/ALT TABLE: LAST ALT TO READ 1.7/620 INSTEAD OF 1.0/380\n.\nOPS NOTE: ADD: IF UNABLE TO MEET CLIMB GRADIENT DO NOT DESCEND\nBELOW LNAV MINIMA.\n.\nMISSED APCH CLIMB RATE TABLE VV (FPM) \nGS   90 120 140 160 180 200  250  300 \nFPM 410 540 630 720 810 900 1130 1350\n.\nRNAV (RNP) Y RWY 08L APCH: \nRNP 0.15 MINIMA TO READ: 455 (442) 1 RVR 50 \nRNP 0.30 MINIMA TO READ: 457 (444) 1 RVR 50\n.\nRNAV (GNSS) RWY 26R APCH: \nLPV MINIMA TO READ: 259 (250) 1 RVR 50)",
          "row_index": 16,
          "extraction_time": "2025-10-14T12:16:31.791723+00:00"
        },
        {
          "bulletin": "(C4233/25 NOTAMR C4232/25\nA) CYVR B) 2509251955 C) 2511072305\nE) ACFT WITH WINGSPAN GREATER THAN 36M/118FT CANNOT SAFELY PASS\nBEHIND ACFT HOLDING ON TWY D EAST OF TWY D7.)",
          "row_index": 17,
          "extraction_time": "2025-10-14T12:16:31.802308+00:00"
        },
        {
          "bulletin": "(F4663/25 NOTAMR F3212/25\nA) CYVR B) 2509251612 C) 2512192359EST\nE) VANCOUVER TWR FREQ 125.65MHZ U/S. USE 124.025MHZ)",
          "row_index": 18,
          "extraction_time": "2025-10-14T12:16:31.812647+00:00"
        },
        {
          "bulletin": "(C4166/25 NOTAMR C3462/25\nA) CYVR B) 2509221320 C) 2512231300EST\nE) RWY 13/31: \nALL INSTR APCH PROC, DEP PROC AND DEP RTE: NOT AUTH)",
          "row_index": 19,
          "extraction_time": "2025-10-14T12:16:31.823081+00:00"
        },
        {
          "bulletin": "(C4150/25 NOTAMR C2437/25\nA) CYVR B) 2509211547 C) 2512191600EST\nE) RNAV (GNSS) RWY 26R APCH: \nLNAV/VNAV MINIMA TO READ: 687 (678) 1 3/4)",
          "row_index": 20,
          "extraction_time": "2025-10-14T12:16:31.833583+00:00"
        },
        {
          "bulletin": "(C3856/25 NOTAMN\nA) CYVR B) 2509081300 C) 2512060000\nD) SEP 08-NOV 01 1300-2300 ,  NOV 02-DEC 05 1400-0000 \nE) MOBILE CRANES WITHIN 483FT RADIUS CENTRED ON 491107N 1230838W \nAPRX 3850FT BFR DTHR 26L AND 890FT NORTH EXTENDED RCL. 92FT AGL \n103FT AMSL. LGTD, NOT PAINTED.)",
          "row_index": 21,
          "extraction_time": "2025-10-14T12:16:31.844450+00:00"
        },
        {
          "bulletin": "(C3847/25 NOTAMN\nA) CYVR B) 2509061300 C) 2512051300EST\nE) MULTIPLE CRANES WITHIN 470FT RADIUS CENTRED ON 491105N 1230840W \nAPRX 3760FT BFR DTHR 26L AND 670FT NORTH EXTENDED RCL. 91FT AGL \n93FT AMSL. LGTD, PAINTED.)",
          "row_index": 22,
          "extraction_time": "2025-10-14T12:16:31.858777+00:00"
        },
        {
          "bulletin": "(C3609/25 NOTAMN\nA) CYVR B) 2508261331 C) 2510312359EST\nE) MULTIPLE CRANES WITHIN 251FT RADIUS CENTRED ON 491347N 1230824W \nAPRX 2900FT BFR THR 26R AND 1.9NM NORTH EXTENDED RCL. 321FT AGL \n600FT AMSL. NOT LGTD, NOT PAINTED.)",
          "row_index": 23,
          "extraction_time": "2025-10-14T12:16:31.869251+00:00"
        },
        {
          "bulletin": "(C3359/25 NOTAMN\nA) CYVR B) 2508121755 C) PERM\nE) AMEND PUBLICATIONS: MULTIPLE BUILDINGS WITHIN 670FT RADIUS \nCENTRED ON 491356N 1230706W APRX 1.3NM BFR THR 26R AND 2.2NM \nNORTH EXTENDED RCL. 450FT AGL 752FT AMSL. NOT LGTD, PAINTED.)",
          "row_index": 24,
          "extraction_time": "2025-10-14T12:16:31.879300+00:00"
        },
        {
          "bulletin": "(C3202/25 NOTAMR C1707/25\nA) CYVR B) 2508051924 C) 2511032000EST\nE) DUE TO REDUCED SYSTEM CAPACITY\nALL VFR ACFT DESTINED FOR CYVR EXCLUDING CAM9 AND HELI TFC, \nARE REQUIRED TO CTC YVR ACC (1-800-668-1333)\nBTN 30-90MIN PRIOR TO DEP FOR AN APPROVED ARR TIME)",
          "row_index": 25,
          "extraction_time": "2025-10-14T12:16:31.889499+00:00"
        },
        {
          "bulletin": "(F3362/25 NOTAMR F1277/25\nA) CYVR B) 2507251539 C) 2510242359\nE) VANCOUVER CENTRE DEP FREQ 363.8MHZ U/S)",
          "row_index": 26,
          "extraction_time": "2025-10-14T12:16:31.899804+00:00"
        },
        {
          "bulletin": "(C3006/25 NOTAMR C1553/25\nA) CYVR B) 2507251418 C) 2510242359EST\nE) VANCOUVER DME IMK 111.1MHZ/CH48X U/S)",
          "row_index": 27,
          "extraction_time": "2025-10-14T12:16:31.910069+00:00"
        },
        {
          "bulletin": "(C3005/25 NOTAMR C1552/25\nA) CYVR B) 2507251417 C) 2510242359EST\nE) ILS RWY 13 U/S)",
          "row_index": 28,
          "extraction_time": "2025-10-14T12:16:31.920273+00:00"
        },
        {
          "bulletin": "(C2053/25 NOTAMN\nA) CYVR B) 2506031415 C) PERM\nE) AMEND PUBLICATIONS: MULTIPLE BUILDINGS WITHIN 210FT RADIUS \nCENTRED ON 491231N 1230711W APRX 1.5NM BFR THR 26R AND 4560FT \nNORTH EXTENDED RCL. 352FT AGL 394FT AMSL. NOT LGTD, NOT PAINTED.)",
          "row_index": 29,
          "extraction_time": "2025-10-14T12:16:31.935860+00:00"
        },
        {
          "bulletin": "(F5006/25 NOTAMR F4981/25\nA) CZVR B) 2510132323 C) 2510172359EST\nE) VANCOUVER (SEA ISLAND) PSR U/S. \nFLT WITHIN RADIUS 80NM CENTRE 491152N 1231218W \nWILL NOT BE PROVIDED NON-TRANSPONDER EQUIPPED ACFT TFC INFO)",
          "row_index": 30,
          "extraction_time": "2025-10-14T12:16:31.946165+00:00"
        },
        {
          "bulletin": "(F4996/25 NOTAMN\nA) CZVR B) 2510151500 C) 2510280100\nD) OCT 15 1500-0100, OCT 16 1500-20 0100, OCT 20-27 1500-0100\nE) COMOX TAR U/S. FLT WITHIN RADIUS 80NM CENTRE \n494301N 1245347W, SFC TO 10000FT AMSL, MAY BE DENIED ROUTING\nAND/OR ALT REQUESTS. FLT FLW SVC NOT AVBL. TFC INFO MAY NOT BE\nAVBL. CYPW CYBL CAT4 CYQQ IFR TRAINING FLT NOT AUTH)",
          "row_index": 31,
          "extraction_time": "2025-10-14T12:16:31.956797+00:00"
        },
        {
          "bulletin": "(F4992/25 NOTAMN\nA) CZVR B) 2510150230 C) 2510150500\nE) COMOX RADAR (PSR AND SSR) U/S DUE MAINT.\nFLT WITHIN RADIUS 80NM CENTRE 494301N 1245347W \nMAY BE DENIED ALT AND/OR ROUTE CHANGE REQUEST. \nFLT FOLLOWING SVC NOT AVBL. IFR TRAINING MAY BE DENIED)",
          "row_index": 32,
          "extraction_time": "2025-10-14T12:16:31.966941+00:00"
        },
        {
          "bulletin": "(F4966/25 NOTAMR F4653/25\nA) CZVR CZEG B) 2510102025 C) 2510242359EST\nE) VANCOUVER CENTRE PERIPHERAL STATION (PAL) 381.9MHZ AT\nENDERBY U/S.)",
          "row_index": 33,
          "extraction_time": "2025-10-14T12:16:31.977129+00:00"
        },
        {
          "bulletin": "(F4036/25 NOTAMR F1996/25\nA) CZVR CZEG B) 2508261734 C) 2511261600EST\nE) ALL ACFT, REGARDLESS OF THE STATE OF REGISTRY, DIRECTLY OR \nINDIRECTLY OWNED, CHARTERED, LEASED, OPERATED OR OTHERWISE \nCONTROLLED BY A PERSON CONNECTED WITH EITHER THE RUSSIAN \nFEDERATION OR OF BELARUS OR BY A CORPORATION OR ENTITY THAT IS \nINCORPORATED OR FORMED UNDER THE LAWS OF THE RUSSIAN FEDERATION \nOR BELARUS, AND ALL OPERATORS HOLDING AN AIR OPERATOR CERTIFICATE \n(AOC) ISSUED BY RUSSIAN FEDERATION AND/OR BELARUSIAN AUTHORITIES \nARE PROHIBITED TO ENTER, EXIT OR OVERFLY CANADA'S TERRITORIAL \nAIRSPACE (INCLUDING FLT WITHIN 12NM OF CANADA'S COASTS). \nEXCEPTIONS PERMITTED FOR ACFT EXPERIENCING INFLIGHT EMERG. \n\nALL AUTH OBTAINED PRIOR TO 27 FEB 2022 FOR ACFT AND OPS SUBJECT \nTO THIS NOTAM ARE REVOKED.\n\nHUMANITARIAN, SAR, MEDEVAC AND ANY OTHER FLT SEEKING AN EXCEPTION \nTO THIS RESTRICTION MUST RECEIVE AUTH GRANTED AFTER 27 FEB 2022 \nFM THE MINISTER OF TRANSPORT TO OPERATE IN CANADA'S TERRITORIAL \nAIRSPACE.  AFFECTED ACFT WISHING TO OBTAIN SUCH AN AUTH OR CLR \nINTO CANADA'S TERRITORIAL AIRSPACE MAY APPLY TO THE MINISTER OF \nTRANSPORT AT 1-877-992-6853 OR 1-613-992-6853 OR BY EMAIL AT \nOPERATIONS.AVIATION(AT)TC.GC.CA.)",
          "row_index": 36,
          "extraction_time": "2025-10-14T12:16:32.008029+00:00"
        },
        {
          "bulletin": "(F3357/25 NOTAMR F1275/25\nA) CZEG CZVR B) 2507251455 C) 2510251400EST\nE) AIRSPACE SECURITY WARNING ISSUED BY THE DEPARTMENT OF TRANSPORT \nIN RESPONSE TO THE SECURITY SITUATION IN THE DEMOCRATIC REPUBLIC \nOF CONGO. CANADIAN AIR OPERATORS AND OWNERS OF AIRCRAFT \nREGISTERED IN CANADA ARE RECOMMENDED TO MAINTAIN A FLIGHT LEVEL \nAT OR ABOVE FL260 WITHIN THE AREA BOUNDED BY 010000N 0302800E - \n010000N 0253000E - 050000S 0253000E - 050000S 0292200E - \n010000N 0302800E IN FIR KINSHASA (FZZA) DUE TO RISK FROM \nANTI-AIRCRAFT WEAPONRY.)",
          "row_index": 37,
          "extraction_time": "2025-10-14T12:16:32.017962+00:00"
        }
      ],
      "CYDC": [
        {
          "bulletin": "(F4862/25 NOTAMR F4791/25\nA) CYDC B) 2510061657 C) 2510172359EST\nE) VANCOUVER CENTRE PERIPHERAL STATION (PAL) \n135.0MHZ AT PRINCETON U/S)",
          "row_index": 34,
          "extraction_time": "2025-10-14T12:16:31.987606+00:00"
        },
        {
          "bulletin": "(F4863/25 NOTAMR F4793/25\nA) CYDC B) 2510061657 C) 2510172359EST\nE) VANCOUVER CENTRE PERIPHERAL STATION (PAL) \n351.3MHZ AT PRINCETON U/S)",
          "row_index": 35,
          "extraction_time": "2025-10-14T12:16:31.997949+00:00"
        }
      ],
      "Other": [
        {
          "bulletin": "(I5191/25 NOTAMR I5121/25\nA) CXXX B) 2510081531 C) 2511010000EST\nE) CBK4 VANCOUVER (GEN HOSPITAL) (HELI)\nHELIPORT CLSD)",
          "row_index": 38,
          "extraction_time": "2025-10-14T12:16:32.028095+00:00"
        },
        {
          "bulletin": "(C2918/25 NOTAMR C1426/25\nA) CXXX B) 2507211826 C) 2510171700EST\nE) CBK4 VANCOUVER (GEN HOSPITAL) (HELI)\nTOWER 491544N 1230726W (APRX 200FT NNE AD). \n118FT AGL 263FT AMSL. LGTD, PAINTED)",
          "row_index": 39,
          "extraction_time": "2025-10-14T12:16:32.038355+00:00"
        }
      ]
    }
  },
  "extraction_summary": {
    "total_entries": 39,
    "metar_records": 1,
    "taf_records": 1,
    "notam_records": 36,
    "upper_wind_records": 1,
    "stations_found": [
      "CYDC",
      "CYVR"
    ],
    "extraction_time": "2025-10-14T12:16:32.038412+00:00"
  }
}