{
  "session_info": {
    "timestamp": "2025-10-11T13:39:05.632654+00:00",
    "stations_requested": [
      "CYVR"
    ],
    "source": "Nav Canada Weather Recall",
    "extraction_method": "simple_metadata_bulletin"
  },
  "weather_data": {
    "entry_000_METAR\nCYVR": {
      "metadata": "METAR\nCYVR",
      "bulletin": "METAR CYVR 111300Z 12004KT 6SM -RA BR FEW005 BKN056 OVC071 11/11 A2980 RMK SF1SC6AC1 SLP093=",
      "row_index": 1,
      "extraction_time": "2025-10-11T13:39:08.703609+00:00"
    },
    "entry_001_TAF\nCYVR": {
      "metadata": "TAF\nCYVR",
      "bulletin": "TAF AMD CYVR 111206Z\n1112/1218 11005KT P6SM FEW003 SCT020 OVC080\n  TEMPO 1112/1116 5SM −RA BR SCT003 BKN020\n  PROB30 1112/1116 3SM −SHRA BR OVC003\nFM111600 18008KT P6SM −RA SCT008 BKN012 OVC080\n  TEMPO 1116/1119 3SM −RA BR BKN008 OVC012\n  PROB30 1116/1119 3SM −SHRA BR OVC003\nFM111900 27008KT P6SM FEW008 SCT012 BKN080\n  TEMPO 1119/1122 P6SM VCSH SCT008 BKN012\nFM112200 27008KT P6SM FEW012 SCT080\n  BECMG 1201/1203 28010G20KT\nFM120300 28010G20KT P6SM FEW012\n  TEMPO 1203/1206 BKN012\nFM120600 28010G20KT P6SM FEW008 BKN012\n  TEMPO 1206/1218 SCT012\n  PROB30 1206/1218 BKN008\nRMK NXT FCST BY 111500Z=",
      "row_index": 2,
      "extraction_time": "2025-10-11T13:39:08.715063+00:00"
    },
    "entry_002_Upper_Wind": {
      "metadata": "Upper Wind",
      "bulletin": "VALID 120600Z FOR USE 00-12\n          3000    |    6000    |    9000    |   12000    |   18000    |   24000    |   30000    |   34000    |   39000    |   45000    |   53000    \nYVR     300 16    |  300 16 0  | 300 15 -4  | 310 20 -9  | 310 46 -19 | 310 63 -31 | 310 73 -49 | 310 59 -56 | 320 44 -54 | 310 29 -51 | 270 17 -53 \n\nVALID 111800Z FOR USE 15-00\n          3000    |    6000    |    9000    |   12000    |   18000    |   24000    |   30000    |   34000    |   39000    |   45000    |   53000    \nYVR     290 17    |  300 14 0  | 300 13 -4  | 320 15 -7  | 350 33 -18 | 350 37 -32 | 350 40 -47 | 350 38 -55 | 310 14 -54 | 250 14 -51 | 250 20 -53 \n\nVALID 111200Z FOR USE 08-15\n          3000    |    6000    |    9000    |   12000    |   18000    |   24000    |   30000    |   34000    |   39000    |   45000    |   53000    \nYVR     270 6     |  260 13 0  | 280 17 -4  | 330 16 -8  | 350 17 -20 | 10 24 -33  | 10 56 -48  | 10 18 -51  | 240 14 -51 | 220 25 -51 | 240 23 -53",
      "row_index": 3,
      "extraction_time": "2025-10-11T13:39:08.727488+00:00"
    },
    "entry_003_NOTAM\nCYVR": {
      "metadata": "NOTAM\nCYVR",
      "bulletin": "(F4977/25 NOTAMN\nA) CYVR B) 2510111314 C) 2510120200\nE) DUE TO REDUCED SYSTEM CAPACITY: LIMITATIONS IN EFFECT WITHIN\nTHE VANCOUVER (CYVR) CTL ZONE CLASS C AND D AIRSPACE: \nVFR ARR RESTRICTED TO CAM9 AND DESIGNATED HELIPADS ONLY)",
      "row_index": 4,
      "extraction_time": "2025-10-11T13:39:08.739766+00:00"
    },
    "entry_004_NOTAM\nCYVR": {
      "metadata": "NOTAM\nCYVR",
      "bulletin": "(S4382/25 NOTAMR S4367/25\nA) CYVR B) 2510111121 C) 2510111921\nE) RSC 08L 5/5/5 100 PCT WET, 100 PCT WET, 100 PCT WET. VALID OCT 11 \n1121 - OCT 11 1921.\n\nRSC 26R 5/5/5 100 PCT WET, 100 PCT WET, 100 PCT WET. VALID OCT 11 \n1121 - OCT 11 1921.\n\nRSC 08R 5/5/5 100 PCT WET, 100 PCT WET, 100 PCT WET. VALID OCT 11 \n1057 - OCT 11 1857.\n\nRSC 26L 5/5/5 100 PCT WET, 100 PCT WET, 100 PCT WET. VALID OCT 11 \n1057 - OCT 11 1857.\n\nADDN NON-GRF/TALPA INFO:)",
      "row_index": 5,
      "extraction_time": "2025-10-11T13:39:08.750040+00:00"
    },
    "entry_005_NOTAM\nCYVR": {
      "metadata": "NOTAM\nCYVR",
      "bulletin": "(F4972/25 NOTAMN\nA) CYVR B) 2510111400 C) 2510130200\nD) DAILY 1400-0200\nE) DUE TO REDUCED SYSTEM CAPACITY: LIMITATIONS IN EFFECT WITHIN\nVANCOUVER (CYVR) TERMINAL CTA CLASS C AIRSPACE: \nVFR ACFT PLANNING TO OPR ABV 2500FT AMSL EXP ALTERNATE RTE\nAND/OR ALT)",
      "row_index": 6,
      "extraction_time": "2025-10-11T13:39:08.760368+00:00"
    },
    "entry_006_NOTAM\nCYVR": {
      "metadata": "NOTAM\nCYVR",
      "bulletin": "(C4504/25 NOTAMN\nA) CYVR B) 2510120500 C) 2510121300\nE) RWY 08R/26L CLSD.)",
      "row_index": 7,
      "extraction_time": "2025-10-11T13:39:08.771374+00:00"
    },
    "entry_007_NOTAM\nCYVR": {
      "metadata": "NOTAM\nCYVR",
      "bulletin": "(C4501/25 NOTAMR C4375/25\nA) CYVR B) 2510100232 C) 2510180645\nE) ALS 08L AND 26R U/S. APPLY PROC FOR HIGH INTST APCH LGT \nINOPERATIVE (AIP AD 2.22.4)",
      "row_index": 8,
      "extraction_time": "2025-10-11T13:39:08.781211+00:00"
    },
    "entry_008_NOTAM\nCYVR": {
      "metadata": "NOTAM\nCYVR",
      "bulletin": "(C4500/25 NOTAMR C4376/25\nA) CYVR B) 2510100220 C) 2510180645\nE) LOW VIS PROC RWY 08L/26R NOT AUTH. SFC GUIDANCE AND CTL U/S)",
      "row_index": 9,
      "extraction_time": "2025-10-11T13:39:08.791300+00:00"
    },
    "entry_009_NOTAM\nCYVR": {
      "metadata": "NOTAM\nCYVR",
      "bulletin": "(C4499/25 NOTAMR C4373/25\nA) CYVR B) 2510100217 C) 2510180645\nE) RWY 08L/26R TDZ LGT U/S)",
      "row_index": 10,
      "extraction_time": "2025-10-11T13:39:08.801208+00:00"
    },
    "entry_010_NOTAM\nCYVR": {
      "metadata": "NOTAM\nCYVR",
      "bulletin": "(C4497/25 NOTAMR C4292/25\nA) CYVR B) 2510100216 C) 2510180645\nE) RWY 08L/26R CERTIFIED NON-PRECISION ONLY DUE CONST)",
      "row_index": 11,
      "extraction_time": "2025-10-11T13:39:08.810930+00:00"
    },
    "entry_011_NOTAM\nCYVR": {
      "metadata": "NOTAM\nCYVR",
      "bulletin": "(C4498/25 NOTAMR C4291/25\nA) CYVR B) 2510100216 C) 2510180645\nE) RWY 08L/26R ARR NOT AUTH BLW RVR 5000FT)",
      "row_index": 12,
      "extraction_time": "2025-10-11T13:39:08.820906+00:00"
    },
    "entry_012_NOTAM\nCYVR": {
      "metadata": "NOTAM\nCYVR",
      "bulletin": "(C4496/25 NOTAMR C4377/25\nA) CYVR B) 2510100214 C) 2510180645\nE) TKOF RWY 08L/26R NOT AUTH WHEN RVR BLW 1200FT)",
      "row_index": 13,
      "extraction_time": "2025-10-11T13:39:08.830709+00:00"
    },
    "entry_013_NOTAM\nCYVR": {
      "metadata": "NOTAM\nCYVR",
      "bulletin": "(C4491/25 NOTAMR C4455/25\nA) CYVR B) 2510092238 C) 2510172359EST\nE) ILS CAT II AND III APCH RWY 08L AND 26R NOT AUTH, \nDUE RWY LGT U/S)",
      "row_index": 14,
      "extraction_time": "2025-10-11T13:39:08.840713+00:00"
    },
    "entry_014_NOTAM\nCYVR": {
      "metadata": "NOTAM\nCYVR",
      "bulletin": "(C4450/25 NOTAMN\nA) CYVR B) 2510091500 C) 2510130100\nE) MOBILE CRANE WITHIN 360FT RADIUS CENTRED ON 490900N 1231012W APRX \n1.9NM BFR THR 31 AND 5430FT SW EXTENDED RCL. 140FT AGL 143FT \nAMSL. LGTD, PAINTED.)",
      "row_index": 15,
      "extraction_time": "2025-10-11T13:39:08.850645+00:00"
    },
    "entry_015_NOTAM\nCYVR": {
      "metadata": "NOTAM\nCYVR",
      "bulletin": "(C4417/25 NOTAMR C4411/25\nA) CYVR B) 2510051220 C) 2512071400\nE) RWY 13/31 CLSD AVBL AS TWY \nTHR 31 HEL TKOF/LDG AUTH.)",
      "row_index": 16,
      "extraction_time": "2025-10-11T13:39:08.860729+00:00"
    },
    "entry_016_NOTAM\nCYVR": {
      "metadata": "NOTAM\nCYVR",
      "bulletin": "(C4413/25 NOTAMR C4412/25\nA) CYVR B) 2510051002 C) 2511281400\nE) TWY A BTN TWY AR AND TWY A5 CLSD.)",
      "row_index": 17,
      "extraction_time": "2025-10-11T13:39:08.870686+00:00"
    },
    "entry_017_NOTAM\nCYVR": {
      "metadata": "NOTAM\nCYVR",
      "bulletin": "(C4390/25 NOTAMR C4155/25\nA) CYVR B) 2510031823 C) 2512192359EST\nE) DUE RWY CONST: \n.\nILS Z RWY 08L APCH:\nMINIMA TO READ :  263 (250) 1 RVR 50\nMISSED APCH INSTR TO READ: REQUIRES A MINIMUM CLIMB GRADIENT OF\n270 FT/NM TO 1200. DO NOT EXCEED 230KT UNTIL SESPI. CLIMBING\nLEFT TURN TO 3000 DIRECT TO SESPI. AS REQUIRED SHUTTLE CLIMB\n.\nLOC/DME AND LOC/RADAR MINIMA TO READ: 520 (507) 1 RVR 50\nDIST/ALT TABLE: LAST ALT TO READ 1.6/520 INSTEAD OF 0.9/300\n.\nILS RWY 26R APCH: \nILS MINIMA TO READ : 259 (250) 1 RVR 50\n.\nRNAV (GNSS) Z RWY 08L APCH: \nMISSED APCH INSTR TO READ: REQUIRES A MINIMUM CLIMB GRADIENT OF\n270 FT/NM TO 1200. DO NOT EXCEED 230KT UNTIL SESPI. CLIMBING\nLEFT TURN TO 3000 DIRECT TO SESPI. AS REQUIRED SHUTTLE CLIMB.\n.\nLPV MINIMA TO READ: 263 (250) 1 RVR 50\nLNAV MINIMA TO READ: 620 (607) 1 1/4 \nDIST/ALT TABLE: LAST ALT TO READ 1.7/620 INSTEAD OF 1.0/380\n.\nOPS NOTE: ADD: IF UNABLE TO MEET CLIMB GRADIENT DO NOT DESCEND\nBELOW LNAV MINIMA.\n.\nMISSED APCH CLIMB RATE TABLE VV (FPM) \nGS   90 120 140 160 180 200  250  300 \nFPM 410 540 630 720 810 900 1130 1350\n.\nRNAV (RNP) Y RWY 08L APCH: \nRNP 0.15 MINIMA TO READ: 455 (442) 1 RVR 50 \nRNP 0.30 MINIMA TO READ: 457 (444) 1 RVR 50\n.\nRNAV (GNSS) RWY 26R APCH: \nLPV MINIMA TO READ: 259 (250) 1 RVR 50)",
      "row_index": 18,
      "extraction_time": "2025-10-11T13:39:08.880416+00:00"
    },
    "entry_018_NOTAM\nCYVR": {
      "metadata": "NOTAM\nCYVR",
      "bulletin": "(C4293/25 NOTAMR C3718/25\nA) CYVR B) 2509282258 C) 2510121400\nE) RWY 08L/26R CL LGT U/S)",
      "row_index": 19,
      "extraction_time": "2025-10-11T13:39:08.890231+00:00"
    },
    "entry_019_NOTAM\nCYVR": {
      "metadata": "NOTAM\nCYVR",
      "bulletin": "(C4233/25 NOTAMR C4232/25\nA) CYVR B) 2509251955 C) 2511072305\nE) ACFT WITH WINGSPAN GREATER THAN 36M/118FT CANNOT SAFELY PASS\nBEHIND ACFT HOLDING ON TWY D EAST OF TWY D7.)",
      "row_index": 20,
      "extraction_time": "2025-10-11T13:39:08.900072+00:00"
    },
    "entry_020_NOTAM\nCYVR": {
      "metadata": "NOTAM\nCYVR",
      "bulletin": "(F4663/25 NOTAMR F3212/25\nA) CYVR B) 2509251612 C) 2512192359EST\nE) VANCOUVER TWR FREQ 125.65MHZ U/S. USE 124.025MHZ)",
      "row_index": 21,
      "extraction_time": "2025-10-11T13:39:08.910146+00:00"
    },
    "entry_021_NOTAM\nCYVR": {
      "metadata": "NOTAM\nCYVR",
      "bulletin": "(C4166/25 NOTAMR C3462/25\nA) CYVR B) 2509221320 C) 2512231300EST\nE) RWY 13/31: \nALL INSTR APCH PROC, DEP PROC AND DEP RTE: NOT AUTH)",
      "row_index": 22,
      "extraction_time": "2025-10-11T13:39:08.920242+00:00"
    },
    "entry_022_NOTAM\nCYVR": {
      "metadata": "NOTAM\nCYVR",
      "bulletin": "(C4150/25 NOTAMR C2437/25\nA) CYVR B) 2509211547 C) 2512191600EST\nE) RNAV (GNSS) RWY 26R APCH: \nLNAV/VNAV MINIMA TO READ: 687 (678) 1 3/4)",
      "row_index": 23,
      "extraction_time": "2025-10-11T13:39:08.933339+00:00"
    },
    "entry_023_NOTAM\nCYVR": {
      "metadata": "NOTAM\nCYVR",
      "bulletin": "(C3856/25 NOTAMN\nA) CYVR B) 2509081300 C) 2512060000\nD) SEP 08-NOV 01 1300-2300 ,  NOV 02-DEC 05 1400-0000 \nE) MOBILE CRANES WITHIN 483FT RADIUS CENTRED ON 491107N 1230838W \nAPRX 3850FT BFR DTHR 26L AND 890FT NORTH EXTENDED RCL. 92FT AGL \n103FT AMSL. LGTD, NOT PAINTED.)",
      "row_index": 24,
      "extraction_time": "2025-10-11T13:39:08.943207+00:00"
    },
    "entry_024_NOTAM\nCYVR": {
      "metadata": "NOTAM\nCYVR",
      "bulletin": "(C3847/25 NOTAMN\nA) CYVR B) 2509061300 C) 2512051300EST\nE) MULTIPLE CRANES WITHIN 470FT RADIUS CENTRED ON 491105N 1230840W \nAPRX 3760FT BFR DTHR 26L AND 670FT NORTH EXTENDED RCL. 91FT AGL \n93FT AMSL. LGTD, PAINTED.)",
      "row_index": 25,
      "extraction_time": "2025-10-11T13:39:08.952783+00:00"
    },
    "entry_025_NOTAM\nCYVR": {
      "metadata": "NOTAM\nCYVR",
      "bulletin": "(C3609/25 NOTAMN\nA) CYVR B) 2508261331 C) 2510312359EST\nE) MULTIPLE CRANES WITHIN 251FT RADIUS CENTRED ON 491347N 1230824W \nAPRX 2900FT BFR THR 26R AND 1.9NM NORTH EXTENDED RCL. 321FT AGL \n600FT AMSL. NOT LGTD, NOT PAINTED.)",
      "row_index": 26,
      "extraction_time": "2025-10-11T13:39:08.962173+00:00"
    },
    "entry_026_NOTAM\nCYVR": {
      "metadata": "NOTAM\nCYVR",
      "bulletin": "(C3359/25 NOTAMN\nA) CYVR B) 2508121755 C) PERM\nE) AMEND PUBLICATIONS: MULTIPLE BUILDINGS WITHIN 670FT RADIUS \nCENTRED ON 491356N 1230706W APRX 1.3NM BFR THR 26R AND 2.2NM \nNORTH EXTENDED RCL. 450FT AGL 752FT AMSL. NOT LGTD, PAINTED.)",
      "row_index": 27,
      "extraction_time": "2025-10-11T13:39:08.971885+00:00"
    },
    "entry_027_NOTAM\nCYVR": {
      "metadata": "NOTAM\nCYVR",
      "bulletin": "(C3202/25 NOTAMR C1707/25\nA) CYVR B) 2508051924 C) 2511032000EST\nE) DUE TO REDUCED SYSTEM CAPACITY\nALL VFR ACFT DESTINED FOR CYVR EXCLUDING CAM9 AND HELI TFC, \nARE REQUIRED TO CTC YVR ACC (1-800-668-1333)\nBTN 30-90MIN PRIOR TO DEP FOR AN APPROVED ARR TIME)",
      "row_index": 28,
      "extraction_time": "2025-10-11T13:39:08.981679+00:00"
    },
    "entry_028_NOTAM\nCYVR": {
      "metadata": "NOTAM\nCYVR",
      "bulletin": "(F3362/25 NOTAMR F1277/25\nA) CYVR B) 2507251539 C) 2510242359\nE) VANCOUVER CENTRE DEP FREQ 363.8MHZ U/S)",
      "row_index": 29,
      "extraction_time": "2025-10-11T13:39:08.991276+00:00"
    },
    "entry_029_NOTAM\nCYVR": {
      "metadata": "NOTAM\nCYVR",
      "bulletin": "(C3006/25 NOTAMR C1553/25\nA) CYVR B) 2507251418 C) 2510242359EST\nE) VANCOUVER DME IMK 111.1MHZ/CH48X U/S)",
      "row_index": 30,
      "extraction_time": "2025-10-11T13:39:09.001710+00:00"
    },
    "entry_030_NOTAM\nCYVR": {
      "metadata": "NOTAM\nCYVR",
      "bulletin": "(C3005/25 NOTAMR C1552/25\nA) CYVR B) 2507251417 C) 2510242359EST\nE) ILS RWY 13 U/S)",
      "row_index": 31,
      "extraction_time": "2025-10-11T13:39:09.011334+00:00"
    },
    "entry_031_NOTAM\nCYVR": {
      "metadata": "NOTAM\nCYVR",
      "bulletin": "(C2053/25 NOTAMN\nA) CYVR B) 2506031415 C) PERM\nE) AMEND PUBLICATIONS: MULTIPLE BUILDINGS WITHIN 210FT RADIUS \nCENTRED ON 491231N 1230711W APRX 1.5NM BFR THR 26R AND 4560FT \nNORTH EXTENDED RCL. 352FT AGL 394FT AMSL. NOT LGTD, NOT PAINTED.)",
      "row_index": 32,
      "extraction_time": "2025-10-11T13:39:09.021154+00:00"
    },
    "entry_032_NOTAM\nCYYJ": {
      "metadata": "NOTAM\nCYYJ",
      "bulletin": "(F4973/25 NOTAMN\nA) CYYJ B) 2510111400 C) 2510130200\nD) DAILY 1400-0200\nE) DUE TO REDUCED SYSTEM CAPACITY: \nLIMITATIONS IN EFFECT WITHIN VICTORIA (CYYJ) TERMINAL CTA \nCLASS C AIRSPACE: VFR ACFT PLANNING TO OPR ABV 2500FT AMSL\nEXP ALTERNATE RTE AND/OR ALT.)",
      "row_index": 33,
      "extraction_time": "2025-10-11T13:39:09.030820+00:00"
    },
    "entry_033_NOTAM\nCYVR": {
      "metadata": "NOTAM\nCYVR",
      "bulletin": "(F4969/25 NOTAMN\nA) CZVR B) 2510102231 C) 2510112359\nE) VANCOUVER (SEA ISLAND) PSR U/S. \nFLT WITHIN RADIUS 80NM CENTRE 491152N 1231218W \nWILL NOT BE PROVIDED NON-TRANSPONDER EQUIPPED ACFT TFC INFO)",
      "row_index": 34,
      "extraction_time": "2025-10-11T13:39:09.040662+00:00"
    },
    "entry_034_NOTAM\nCYVR": {
      "metadata": "NOTAM\nCYVR",
      "bulletin": "(F4966/25 NOTAMR F4653/25\nA) CZVR CZEG B) 2510102025 C) 2510242359EST\nE) VANCOUVER CENTRE PERIPHERAL STATION (PAL) 381.9MHZ AT\nENDERBY U/S.)",
      "row_index": 35,
      "extraction_time": "2025-10-11T13:39:09.050442+00:00"
    },
    "entry_035_NOTAM\nCYDC": {
      "metadata": "NOTAM\nCYDC",
      "bulletin": "(F4862/25 NOTAMR F4791/25\nA) CYDC B) 2510061657 C) 2510172359EST\nE) VANCOUVER CENTRE PERIPHERAL STATION (PAL) \n135.0MHZ AT PRINCETON U/S)",
      "row_index": 36,
      "extraction_time": "2025-10-11T13:39:09.060594+00:00"
    },
    "entry_036_NOTAM\nCYDC": {
      "metadata": "NOTAM\nCYDC",
      "bulletin": "(F4863/25 NOTAMR F4793/25\nA) CYDC B) 2510061657 C) 2510172359EST\nE) VANCOUVER CENTRE PERIPHERAL STATION (PAL) \n351.3MHZ AT PRINCETON U/S)",
      "row_index": 37,
      "extraction_time": "2025-10-11T13:39:09.070630+00:00"
    },
    "entry_037_NOTAM\nCYVR": {
      "metadata": "NOTAM\nCYVR",
      "bulletin": "(F4036/25 NOTAMR F1996/25\nA) CZVR CZEG B) 2508261734 C) 2511261600EST\nE) ALL ACFT, REGARDLESS OF THE STATE OF REGISTRY, DIRECTLY OR \nINDIRECTLY OWNED, CHARTERED, LEASED, OPERATED OR OTHERWISE \nCONTROLLED BY A PERSON CONNECTED WITH EITHER THE RUSSIAN \nFEDERATION OR OF BELARUS OR BY A CORPORATION OR ENTITY THAT IS \nINCORPORATED OR FORMED UNDER THE LAWS OF THE RUSSIAN FEDERATION \nOR BELARUS, AND ALL OPERATORS HOLDING AN AIR OPERATOR CERTIFICATE \n(AOC) ISSUED BY RUSSIAN FEDERATION AND/OR BELARUSIAN AUTHORITIES \nARE PROHIBITED TO ENTER, EXIT OR OVERFLY CANADA'S TERRITORIAL \nAIRSPACE (INCLUDING FLT WITHIN 12NM OF CANADA'S COASTS). \nEXCEPTIONS PERMITTED FOR ACFT EXPERIENCING INFLIGHT EMERG. \n\nALL AUTH OBTAINED PRIOR TO 27 FEB 2022 FOR ACFT AND OPS SUBJECT \nTO THIS NOTAM ARE REVOKED.\n\nHUMANITARIAN, SAR, MEDEVAC AND ANY OTHER FLT SEEKING AN EXCEPTION \nTO THIS RESTRICTION MUST RECEIVE AUTH GRANTED AFTER 27 FEB 2022 \nFM THE MINISTER OF TRANSPORT TO OPERATE IN CANADA'S TERRITORIAL \nAIRSPACE.  AFFECTED ACFT WISHING TO OBTAIN SUCH AN AUTH OR CLR \nINTO CANADA'S TERRITORIAL AIRSPACE MAY APPLY TO THE MINISTER OF \nTRANSPORT AT 1-877-992-6853 OR 1-613-992-6853 OR BY EMAIL AT \nOPERATIONS.AVIATION(AT)TC.GC.CA.)",
      "row_index": 38,
      "extraction_time": "2025-10-11T13:39:09.080136+00:00"
    },
    "entry_038_NOTAM\nCYVR": {
      "metadata": "NOTAM\nCYVR",
      "bulletin": "(F3357/25 NOTAMR F1275/25\nA) CZEG CZVR B) 2507251455 C) 2510251400EST\nE) AIRSPACE SECURITY WARNING ISSUED BY THE DEPARTMENT OF TRANSPORT \nIN RESPONSE TO THE SECURITY SITUATION IN THE DEMOCRATIC REPUBLIC \nOF CONGO. CANADIAN AIR OPERATORS AND OWNERS OF AIRCRAFT \nREGISTERED IN CANADA ARE RECOMMENDED TO MAINTAIN A FLIGHT LEVEL \nAT OR ABOVE FL260 WITHIN THE AREA BOUNDED BY 010000N 0302800E - \n010000N 0253000E - 050000S 0253000E - 050000S 0292200E - \n010000N 0302800E IN FIR KINSHASA (FZZA) DUE TO RISK FROM \nANTI-AIRCRAFT WEAPONRY.)",
      "row_index": 39,
      "extraction_time": "2025-10-11T13:39:09.089977+00:00"
    },
    "entry_039_NOTAM\nCBK4": {
      "metadata": "NOTAM\nCBK4",
      "bulletin": "(I5191/25 NOTAMR I5121/25\nA) CXXX B) 2510081531 C) 2511010000EST\nE) CBK4 VANCOUVER (GEN HOSPITAL) (HELI)\nHELIPORT CLSD)",
      "row_index": 40,
      "extraction_time": "2025-10-11T13:39:09.099493+00:00"
    },
    "entry_040_NOTAM\nCBK4": {
      "metadata": "NOTAM\nCBK4",
      "bulletin": "(C2918/25 NOTAMR C1426/25\nA) CXXX B) 2507211826 C) 2510171700EST\nE) CBK4 VANCOUVER (GEN HOSPITAL) (HELI)\nTOWER 491544N 1230726W (APRX 200FT NNE AD). \n118FT AGL 263FT AMSL. LGTD, PAINTED)",
      "row_index": 41,
      "extraction_time": "2025-10-11T13:39:09.108995+00:00"
    }
  },
  "extraction_summary": {
    "total_entries": 41,
    "stations_found": [
      "CYVR"
    ],
    "extraction_time": "2025-10-11T13:39:05.632830+00:00"
  }
}