[
  {
    "valid_time": "131200Z",
    "use_period": "06-18",
    "stations": {
      "YVR": [
        {
          "altitude_ft": 3000,
          "direction_deg": 50,
          "speed_kt": 18,
          "temperature_c": null
        },
        {
          "altitude_ft": 6000,
          "direction_deg": 70,
          "speed_kt": 30,
          "temperature_c": -2
        },
        {
          "altitude_ft": 9000,
          "direction_deg": 80,
          "speed_kt": 14,
          "temperature_c": -7
        },
        {
          "altitude_ft": 12000,
          "direction_deg": 50,
          "speed_kt": 19,
          "temperature_c": -13
        },
        {
          "altitude_ft": 18000,
          "direction_deg": 50,
          "speed_kt": 17,
          "temperature_c": -26
        },
        {
          "altitude_ft": 24000,
          "direction_deg": 30,
          "speed_kt": 57,
          "temperature_c": -32
        },
        {
          "altitude_ft": 30000,
          "direction_deg": 30,
          "speed_kt": 118,
          "temperature_c": -39
        },
        {
          "altitude_ft": 34000,
          "direction_deg": 30,
          "speed_kt": 114,
          "temperature_c": -45
        },
        {
          "altitude_ft": 39000,
          "direction_deg": 20,
          "speed_kt": 80,
          "temperature_c": -48
        },
        {
          "altitude_ft": 45000,
          "direction_deg": 20,
          "speed_kt": 60,
          "temperature_c": -53
        },
        {
          "altitude_ft": 53000,
          "direction_deg": 10,
          "speed_kt": 18,
          "temperature_c": -56
        }
      ]
    }
  },
  {
    "valid_time": "130000Z",
    "use_period": "21-06",
    "stations": {
      "YVR": [
        {
          "altitude_ft": 3000,
          "direction_deg": 40,
          "speed_kt": 13,
          "temperature_c": null
        },
        {
          "altitude_ft": 6000,
          "direction_deg": 70,
          "speed_kt": 24,
          "temperature_c": -4
        },
        {
          "altitude_ft": 9000,
          "direction_deg": 90,
          "speed_kt": 21,
          "temperature_c": -10
        },
        {
          "altitude_ft": 12000,
          "direction_deg": null,
          "speed_kt": null,
          "temperature_c": null
        },
        {
          "altitude_ft": 18000,
          "direction_deg": 80,
          "speed_kt": 13,
          "temperature_c": -30
        },
        {
          "altitude_ft": 24000,
          "direction_deg": null,
          "speed_kt": null,
          "temperature_c": null
        },
        {
          "altitude_ft": 30000,
          "direction_deg": 360,
          "speed_kt": 33,
          "temperature_c": -40
        },
        {
          "altitude_ft": 34000,
          "direction_deg": 360,
          "speed_kt": 39,
          "temperature_c": -41
        },
        {
          "altitude_ft": 39000,
          "direction_deg": 360,
          "speed_kt": 43,
          "temperature_c": -44
        },
        {
          "altitude_ft": 45000,
          "direction_deg": 360,
          "speed_kt": 40,
          "temperature_c": -49
        },
        {
          "altitude_ft": 53000,
          "direction_deg": 350,
          "speed_kt": 24,
          "temperature_c": -54
        }
      ]
    }
  },
  {
    "valid_time": "121800Z",
    "use_period": "14-21",
    "stations": {
      "YVR": [
        {
          "altitude_ft": 3000,
          "direction_deg": 90,
          "speed_kt": 23,
          "temperature_c": null
        },
        {
          "altitude_ft": 6000,
          "direction_deg": 100,
          "speed_kt": 14,
          "temperature_c": -4
        },
        {
          "altitude_ft": 9000,
          "direction_deg": 210,
          "speed_kt": 5,
          "temperature_c": -9
        },
        {
          "altitude_ft": 12000,
          "direction_deg": 270,
          "speed_kt": 6,
          "temperature_c": -15
        },
        {
          "altitude_ft": 18000,
          "direction_deg": 300,
          "speed_kt": 13,
          "temperature_c": -29
        },
        {
          "altitude_ft": 24000,
          "direction_deg": 280,
          "speed_kt": 21,
          "temperature_c": -38
        },
        {
          "altitude_ft": 30000,
          "direction_deg": 320,
          "speed_kt": 30,
          "temperature_c": -43
        },
        {
          "altitude_ft": 34000,
          "direction_deg": 340,
          "speed_kt": 38,
          "temperature_c": -43
        },
        {
          "altitude_ft": 39000,
          "direction_deg": 340,
          "speed_kt": 35,
          "temperature_c": -45
        },
        {
          "altitude_ft": 45000,
          "direction_deg": 340,
          "speed_kt": 35,
          "temperature_c": -50
        },
        {
          "altitude_ft": 53000,
          "direction_deg": 360,
          "speed_kt": 18,
          "temperature_c": -53
        }
      ]
    }
  }
]